name,framework,backend,compile,batch_size,sequence_length,num_warmup_iterations,num_iterations,num_repeats,median_ms,duration_ms,std_ms,dtype
LayerNorm(dim=768),torch,mps,False,64,512,,,,1.6063958437371184,1.6063958437371184,0.0,bfloat16
LayerNorm(dim=768),mlx,metal,False,64,512,,,,1.0574964805303575,1.0574964805303575,0.0,bfloat16
LayerNorm(dim=768),mlx,metal,True,64,512,,,,1.0929741784509386,1.0929741784509386,0.0,bfloat16
"Linear(in=768, out=768)",torch,mps,False,64,512,,,,5.699406679777894,5.699406679777894,0.0,bfloat16
"Linear(in=768, out=768)",mlx,metal,False,64,512,,,,5.395597626877351,5.395597626877351,0.0,bfloat16
"Linear(in=768, out=768)",mlx,metal,True,64,512,,,,5.779365191034124,5.779365191034124,0.0,bfloat16
"MHSA(dim=768, num_heads=1, mask=None)",torch,mps,False,64,512,,,,34.89798418013379,34.89798418013379,0.0,bfloat16
"MHSA(dim=768, num_heads=1, mask=None)",mlx,metal,False,64,512,,,,28.800590000173543,28.800590000173543,0.0,bfloat16
"MHSA(dim=768, num_heads=1, mask=None)",mlx,metal,True,64,512,,,,31.05607500008773,31.05607500008773,0.0,bfloat16
"MHSA(dim=768, num_heads=8, mask=None)",torch,mps,False,64,512,,,,39.99419250001665,39.99419250001665,0.0,bfloat16
"MHSA(dim=768, num_heads=8, mask=None)",mlx,metal,False,64,512,,,,34.11355999996886,34.11355999996886,0.0,bfloat16
"MHSA(dim=768, num_heads=8, mask=None)",mlx,metal,True,64,512,,,,35.6834358398919,35.6834358398919,0.0,bfloat16
"TransformerEncoderLayer(dim=768, num_heads=8, mask=None)",torch,mps,False,64,512,,,,87.39245832024608,87.39245832024608,0.0,bfloat16
"TransformerEncoderLayer(dim=768, num_heads=8, mask=None)",mlx,metal,False,64,512,,,,80.65401333995396,80.65401333995396,0.0,bfloat16
"TransformerEncoderLayer(dim=768, num_heads=8, mask=None)",mlx,metal,True,64,512,,,,85.63871749996906,85.63871749996906,0.0,bfloat16
"TransformerEncoderLayer(dim=768, num_heads=8, mask=causal)",torch,mps,False,64,512,,,,87.42215665988624,87.42215665988624,0.0,bfloat16
"TransformerEncoderLayer(dim=768, num_heads=8, mask=causal)",mlx,metal,False,64,512,,,,82.85597499983851,82.85597499983851,0.0,bfloat16
"TransformerEncoderLayer(dim=768, num_heads=8, mask=causal)",mlx,metal,True,64,512,,,,84.78035918000387,84.78035918000387,0.0,bfloat16
"TransformerDecoderLayer(dim=768, num_heads=8, mask=None)",torch,mps,False,64,512,,,,125.83711249986663,125.83711249986663,0.0,bfloat16
"TransformerDecoderLayer(dim=768, num_heads=8, mask=None)",mlx,metal,False,64,512,,,,114.41975249996176,114.41975249996176,0.0,bfloat16
"TransformerDecoderLayer(dim=768, num_heads=8, mask=None)",mlx,metal,True,64,512,,,,122.54762916010804,122.54762916010804,0.0,bfloat16
"TransformerDecoderLayer(dim=768, num_heads=8, mask=causal)",torch,mps,False,64,512,,,,127.21247000008589,127.21247000008589,0.0,bfloat16
"TransformerDecoderLayer(dim=768, num_heads=8, mask=causal)",mlx,metal,False,64,512,,,,117.62390081974443,117.62390081974443,0.0,bfloat16
"TransformerDecoderLayer(dim=768, num_heads=8, mask=causal)",mlx,metal,True,64,512,,,,123.5255391598912,123.5255391598912,0.0,bfloat16
LayerNorm(dim=768),torch,mps,False,64,256,,,,1.4999427966343366,1.4999427966343366,0.0,bfloat16
LayerNorm(dim=768),mlx,metal,False,64,256,,,,0.5892636986012405,0.5892636986012405,0.0,bfloat16
LayerNorm(dim=768),mlx,metal,True,64,256,,,,0.6503704938530139,0.6503704938530139,0.0,bfloat16
"Linear(in=768, out=768)",torch,mps,False,64,256,,,,2.9542116599623114,2.9542116599623114,0.0,bfloat16
"Linear(in=768, out=768)",mlx,metal,False,64,256,,,,2.793296960358959,2.793296960358959,0.0,bfloat16
"Linear(in=768, out=768)",mlx,metal,True,64,256,,,,3.0148391094378257,3.0148391094378257,0.0,bfloat16
"MHSA(dim=768, num_heads=1, mask=None)",torch,mps,False,64,256,,,,15.725593320094047,15.725593320094047,0.0,bfloat16
"MHSA(dim=768, num_heads=1, mask=None)",mlx,metal,False,64,256,,,,12.678570819844026,12.678570819844026,0.0,bfloat16
"MHSA(dim=768, num_heads=1, mask=None)",mlx,metal,True,64,256,,,,13.82236584002385,13.82236584002385,0.0,bfloat16
"MHSA(dim=768, num_heads=8, mask=None)",torch,mps,False,64,256,,,,17.318223339971155,17.318223339971155,0.0,bfloat16
"MHSA(dim=768, num_heads=8, mask=None)",mlx,metal,False,64,256,,,,14.02423584018834,14.02423584018834,0.0,bfloat16
"MHSA(dim=768, num_heads=8, mask=None)",mlx,metal,True,64,256,,,,15.14150082017295,15.14150082017295,0.0,bfloat16
"TransformerEncoderLayer(dim=768, num_heads=8, mask=None)",torch,mps,False,64,256,,,,41.45525749976514,41.45525749976514,0.0,bfloat16
"TransformerEncoderLayer(dim=768, num_heads=8, mask=None)",mlx,metal,False,64,256,,,,37.05553084000712,37.05553084000712,0.0,bfloat16
"TransformerEncoderLayer(dim=768, num_heads=8, mask=None)",mlx,metal,True,64,256,,,,39.08345668023685,39.08345668023685,0.0,bfloat16
"TransformerEncoderLayer(dim=768, num_heads=8, mask=causal)",torch,mps,False,64,256,,,,41.61804999981541,41.61804999981541,0.0,bfloat16
"TransformerEncoderLayer(dim=768, num_heads=8, mask=causal)",mlx,metal,False,64,256,,,,37.51496499986388,37.51496499986388,0.0,bfloat16
"TransformerEncoderLayer(dim=768, num_heads=8, mask=causal)",mlx,metal,True,64,256,,,,38.775731659843586,38.775731659843586,0.0,bfloat16
"TransformerDecoderLayer(dim=768, num_heads=8, mask=None)",torch,mps,False,64,256,,,,58.49983249994693,58.49983249994693,0.0,bfloat16
"TransformerDecoderLayer(dim=768, num_heads=8, mask=None)",mlx,metal,False,64,256,,,,51.789743340050336,51.789743340050336,0.0,bfloat16
"TransformerDecoderLayer(dim=768, num_heads=8, mask=None)",mlx,metal,True,64,256,,,,54.13767000020016,54.13767000020016,0.0,bfloat16
"TransformerDecoderLayer(dim=768, num_heads=8, mask=causal)",torch,mps,False,64,256,,,,58.88222081994172,58.88222081994172,0.0,bfloat16
"TransformerDecoderLayer(dim=768, num_heads=8, mask=causal)",mlx,metal,False,64,256,,,,52.59472250007093,52.59472250007093,0.0,bfloat16
"TransformerDecoderLayer(dim=768, num_heads=8, mask=causal)",mlx,metal,True,64,256,,,,54.19170584005769,54.19170584005769,0.0,bfloat16
LayerNorm(dim=768),torch,mps,False,64,128,,,,1.2554825820487494,1.2554825820487494,0.0,bfloat16
LayerNorm(dim=768),mlx,metal,False,64,128,,,,0.3579354693479365,0.3579354693479365,0.0,bfloat16
LayerNorm(dim=768),mlx,metal,True,64,128,,,,0.3730618876035148,0.3730618876035148,0.0,bfloat16
"Linear(in=768, out=768)",torch,mps,False,64,128,,,,1.609142065538689,1.609142065538689,0.0,bfloat16
"Linear(in=768, out=768)",mlx,metal,False,64,128,,,,1.499910009110593,1.499910009110593,0.0,bfloat16
"Linear(in=768, out=768)",mlx,metal,True,64,128,,,,1.639244163461874,1.639244163461874,0.0,bfloat16
"MHSA(dim=768, num_heads=1, mask=None)",torch,mps,False,64,128,,,,7.694603340059984,7.694603340059984,0.0,bfloat16
"MHSA(dim=768, num_heads=1, mask=None)",mlx,metal,False,64,128,,,,6.080267361135662,6.080267361135662,0.0,bfloat16
"MHSA(dim=768, num_heads=1, mask=None)",mlx,metal,True,64,128,,,,6.712114885782024,6.712114885782024,0.0,bfloat16
"MHSA(dim=768, num_heads=8, mask=None)",torch,mps,False,64,128,,,,8.497256659902632,8.497256659902632,0.0,bfloat16
"MHSA(dim=768, num_heads=8, mask=None)",mlx,metal,False,64,128,,,,6.515467514819808,6.515467514819808,0.0,bfloat16
"MHSA(dim=768, num_heads=8, mask=None)",mlx,metal,True,64,128,,,,7.115035984800973,7.115035984800973,0.0,bfloat16
"TransformerEncoderLayer(dim=768, num_heads=8, mask=None)",torch,mps,False,64,128,,,,20.71408165997127,20.71408165997127,0.0,bfloat16
"TransformerEncoderLayer(dim=768, num_heads=8, mask=None)",mlx,metal,False,64,128,,,,18.10668331978377,18.10668331978377,0.0,bfloat16
"TransformerEncoderLayer(dim=768, num_heads=8, mask=None)",mlx,metal,True,64,128,,,,18.97570084023755,18.97570084023755,0.0,bfloat16
"TransformerEncoderLayer(dim=768, num_heads=8, mask=causal)",torch,mps,False,64,128,,,,20.50337250024313,20.50337250024313,0.0,bfloat16
"TransformerEncoderLayer(dim=768, num_heads=8, mask=causal)",mlx,metal,False,64,128,,,,17.992563340230845,17.992563340230845,0.0,bfloat16
"TransformerEncoderLayer(dim=768, num_heads=8, mask=causal)",mlx,metal,True,64,128,,,,18.93154165998567,18.93154165998567,0.0,bfloat16
"TransformerDecoderLayer(dim=768, num_heads=8, mask=None)",torch,mps,False,64,128,,,,28.36639582004864,28.36639582004864,0.0,bfloat16
"TransformerDecoderLayer(dim=768, num_heads=8, mask=None)",mlx,metal,False,64,128,,,,24.72499500028789,24.72499500028789,0.0,bfloat16
"TransformerDecoderLayer(dim=768, num_heads=8, mask=None)",mlx,metal,True,64,128,,,,25.84777918003965,25.84777918003965,0.0,bfloat16
"TransformerDecoderLayer(dim=768, num_heads=8, mask=causal)",torch,mps,False,64,128,,,,28.671055840095505,28.671055840095505,0.0,bfloat16
"TransformerDecoderLayer(dim=768, num_heads=8, mask=causal)",mlx,metal,False,64,128,,,,25.14055666018976,25.14055666018976,0.0,bfloat16
"TransformerDecoderLayer(dim=768, num_heads=8, mask=causal)",mlx,metal,True,64,128,,,,25.71276417991612,25.71276417991612,0.0,bfloat16
LayerNorm(dim=768),torch,mps,False,64,64,,,,0.8605473058517364,0.8605473058517364,0.0,bfloat16
LayerNorm(dim=768),mlx,metal,False,64,64,,,,0.2357078072371358,0.2357078072371358,0.0,bfloat16
LayerNorm(dim=768),mlx,metal,True,64,64,,,,0.2481993000693437,0.2481993000693437,0.0,bfloat16
"Linear(in=768, out=768)",torch,mps,False,64,64,,,,1.641906677074682,1.641906677074682,0.0,bfloat16
"Linear(in=768, out=768)",mlx,metal,False,64,64,,,,0.8561233902346282,0.8561233902346282,0.0,bfloat16
"Linear(in=768, out=768)",mlx,metal,True,64,64,,,,0.9629898219192335,0.9629898219192335,0.0,bfloat16
"MHSA(dim=768, num_heads=1, mask=None)",torch,mps,False,64,64,,,,4.119248319766484,4.119248319766484,0.0,bfloat16
"MHSA(dim=768, num_heads=1, mask=None)",mlx,metal,False,64,64,,,,3.0890610901668625,3.0890610901668625,0.0,bfloat16
"MHSA(dim=768, num_heads=1, mask=None)",mlx,metal,True,64,64,,,,3.543391854871946,3.543391854871946,0.0,bfloat16
"MHSA(dim=768, num_heads=8, mask=None)",torch,mps,False,64,64,,,,4.3901458400068805,4.3901458400068805,0.0,bfloat16
"MHSA(dim=768, num_heads=8, mask=None)",mlx,metal,False,64,64,,,,3.264043984162281,3.264043984162281,0.0,bfloat16
"MHSA(dim=768, num_heads=8, mask=None)",mlx,metal,True,64,64,,,,3.700870698450008,3.700870698450008,0.0,bfloat16
"TransformerEncoderLayer(dim=768, num_heads=8, mask=None)",torch,mps,False,64,64,,,,10.489864159899298,10.489864159899298,0.0,bfloat16
"TransformerEncoderLayer(dim=768, num_heads=8, mask=None)",mlx,metal,False,64,64,,,,9.24184167990461,9.24184167990461,0.0,bfloat16
"TransformerEncoderLayer(dim=768, num_heads=8, mask=None)",mlx,metal,True,64,64,,,,9.712085819919594,9.712085819919594,0.0,bfloat16
"TransformerEncoderLayer(dim=768, num_heads=8, mask=causal)",torch,mps,False,64,64,,,,10.397291659901384,10.397291659901384,0.0,bfloat16
"TransformerEncoderLayer(dim=768, num_heads=8, mask=causal)",mlx,metal,False,64,64,,,,9.15493915992556,9.15493915992556,0.0,bfloat16
"TransformerEncoderLayer(dim=768, num_heads=8, mask=causal)",mlx,metal,True,64,64,,,,9.871937499847265,9.871937499847265,0.0,bfloat16
"TransformerDecoderLayer(dim=768, num_heads=8, mask=None)",torch,mps,False,64,64,,,,14.229389159881976,14.229389159881976,0.0,bfloat16
"TransformerDecoderLayer(dim=768, num_heads=8, mask=None)",mlx,metal,False,64,64,,,,12.320724159944804,12.320724159944804,0.0,bfloat16
"TransformerDecoderLayer(dim=768, num_heads=8, mask=None)",mlx,metal,True,64,64,,,,12.999522500031162,12.999522500031162,0.0,bfloat16
"TransformerDecoderLayer(dim=768, num_heads=8, mask=causal)",torch,mps,False,64,64,,,,14.143958339991514,14.143958339991514,0.0,bfloat16
"TransformerDecoderLayer(dim=768, num_heads=8, mask=causal)",mlx,metal,False,64,64,,,,12.372217499942051,12.372217499942051,0.0,bfloat16
"TransformerDecoderLayer(dim=768, num_heads=8, mask=causal)",mlx,metal,True,64,64,,,,12.98245081998175,12.98245081998175,0.0,bfloat16
LayerNorm(dim=768),torch,mps,False,32,512,,,,1.6128298666444607,1.6128298666444607,0.0,bfloat16
LayerNorm(dim=768),mlx,metal,False,32,512,,,,0.5900049240737053,0.5900049240737053,0.0,bfloat16
LayerNorm(dim=768),mlx,metal,True,32,512,,,,0.644229981585288,0.644229981585288,0.0,bfloat16
"Linear(in=768, out=768)",torch,mps,False,32,512,,,,2.970764159981627,2.970764159981627,0.0,bfloat16
"Linear(in=768, out=768)",mlx,metal,False,32,512,,,,2.7955565476856594,2.7955565476856594,0.0,bfloat16
"Linear(in=768, out=768)",mlx,metal,True,32,512,,,,3.0291259190562414,3.0291259190562414,0.0,bfloat16
"MHSA(dim=768, num_heads=1, mask=None)",torch,mps,False,32,512,,,,18.43213249987457,18.43213249987457,0.0,bfloat16
"MHSA(dim=768, num_heads=1, mask=None)",mlx,metal,False,32,512,,,,14.59284665994346,14.59284665994346,0.0,bfloat16
"MHSA(dim=768, num_heads=1, mask=None)",mlx,metal,True,32,512,,,,15.66032916016411,15.66032916016411,0.0,bfloat16
"MHSA(dim=768, num_heads=8, mask=None)",torch,mps,False,32,512,,,,20.839462500007357,20.839462500007357,0.0,bfloat16
"MHSA(dim=768, num_heads=8, mask=None)",mlx,metal,False,32,512,,,,16.961169999849517,16.961169999849517,0.0,bfloat16
"MHSA(dim=768, num_heads=8, mask=None)",mlx,metal,True,32,512,,,,18.097492499800865,18.097492499800865,0.0,bfloat16
"TransformerEncoderLayer(dim=768, num_heads=8, mask=None)",torch,mps,False,32,512,,,,44.78105584013974,44.78105584013974,0.0,bfloat16
"TransformerEncoderLayer(dim=768, num_heads=8, mask=None)",mlx,metal,False,32,512,,,,39.92585583997425,39.92585583997425,0.0,bfloat16
"TransformerEncoderLayer(dim=768, num_heads=8, mask=None)",mlx,metal,True,32,512,,,,42.30504000006477,42.30504000006477,0.0,bfloat16
"TransformerEncoderLayer(dim=768, num_heads=8, mask=causal)",torch,mps,False,32,512,,,,45.39481583982706,45.39481583982706,0.0,bfloat16
"TransformerEncoderLayer(dim=768, num_heads=8, mask=causal)",mlx,metal,False,32,512,,,,41.69956915982766,41.69956915982766,0.0,bfloat16
"TransformerEncoderLayer(dim=768, num_heads=8, mask=causal)",mlx,metal,True,32,512,,,,42.65545665984973,42.65545665984973,0.0,bfloat16
"TransformerDecoderLayer(dim=768, num_heads=8, mask=None)",torch,mps,False,32,512,,,,65.26636333990609,65.26636333990609,0.0,bfloat16
"TransformerDecoderLayer(dim=768, num_heads=8, mask=None)",mlx,metal,False,32,512,,,,57.88495916000102,57.88495916000102,0.0,bfloat16
"TransformerDecoderLayer(dim=768, num_heads=8, mask=None)",mlx,metal,True,32,512,,,,61.4528108201921,61.4528108201921,0.0,bfloat16
"TransformerDecoderLayer(dim=768, num_heads=8, mask=causal)",torch,mps,False,32,512,,,,65.50554249988636,65.50554249988636,0.0,bfloat16
"TransformerDecoderLayer(dim=768, num_heads=8, mask=causal)",mlx,metal,False,32,512,,,,58.84026250016177,58.84026250016177,0.0,bfloat16
"TransformerDecoderLayer(dim=768, num_heads=8, mask=causal)",mlx,metal,True,32,512,,,,61.239512499887496,61.239512499887496,0.0,bfloat16
LayerNorm(dim=768),torch,mps,False,32,256,,,,1.4797440477802108,1.4797440477802108,0.0,bfloat16
LayerNorm(dim=768),mlx,metal,False,32,256,,,,0.3458626893971637,0.3458626893971637,0.0,bfloat16
LayerNorm(dim=768),mlx,metal,True,32,256,,,,0.3670001556569998,0.3670001556569998,0.0,bfloat16
"Linear(in=768, out=768)",torch,mps,False,32,256,,,,1.6183793246549518,1.6183793246549518,0.0,bfloat16
"Linear(in=768, out=768)",mlx,metal,False,32,256,,,,1.495430737785581,1.495430737785581,0.0,bfloat16
"Linear(in=768, out=768)",mlx,metal,True,32,256,,,,1.6374777462095318,1.6374777462095318,0.0,bfloat16
"MHSA(dim=768, num_heads=1, mask=None)",torch,mps,False,32,256,,,,8.542000819870736,8.542000819870736,0.0,bfloat16
"MHSA(dim=768, num_heads=1, mask=None)",mlx,metal,False,32,256,,,,6.505214124950322,6.505214124950322,0.0,bfloat16
"MHSA(dim=768, num_heads=1, mask=None)",mlx,metal,True,32,256,,,,7.144797430597604,7.144797430597604,0.0,bfloat16
"MHSA(dim=768, num_heads=8, mask=None)",torch,mps,False,32,256,,,,9.31031582003925,9.31031582003925,0.0,bfloat16
"MHSA(dim=768, num_heads=8, mask=None)",mlx,metal,False,32,256,,,,7.176148706940725,7.176148706940725,0.0,bfloat16
"MHSA(dim=768, num_heads=8, mask=None)",mlx,metal,True,32,256,,,,7.798657633490317,7.798657633490317,0.0,bfloat16
"TransformerEncoderLayer(dim=768, num_heads=8, mask=None)",torch,mps,False,32,256,,,,21.48779665993061,21.48779665993061,0.0,bfloat16
"TransformerEncoderLayer(dim=768, num_heads=8, mask=None)",mlx,metal,False,32,256,,,,18.65765000024112,18.65765000024112,0.0,bfloat16
"TransformerEncoderLayer(dim=768, num_heads=8, mask=None)",mlx,metal,True,32,256,,,,19.708426659926772,19.708426659926772,0.0,bfloat16
"TransformerEncoderLayer(dim=768, num_heads=8, mask=causal)",torch,mps,False,32,256,,,,21.49765500013018,21.49765500013018,0.0,bfloat16
"TransformerEncoderLayer(dim=768, num_heads=8, mask=causal)",mlx,metal,False,32,256,,,,18.93352999992203,18.93352999992203,0.0,bfloat16
"TransformerEncoderLayer(dim=768, num_heads=8, mask=causal)",mlx,metal,True,32,256,,,,19.704840000194963,19.704840000194963,0.0,bfloat16
"TransformerDecoderLayer(dim=768, num_heads=8, mask=None)",torch,mps,False,32,256,,,,30.29897167987656,30.29897167987656,0.0,bfloat16
"TransformerDecoderLayer(dim=768, num_heads=8, mask=None)",mlx,metal,False,32,256,,,,26.0112224999466,26.0112224999466,0.0,bfloat16
"TransformerDecoderLayer(dim=768, num_heads=8, mask=None)",mlx,metal,True,32,256,,,,27.61135334003484,27.61135334003484,0.0,bfloat16
"TransformerDecoderLayer(dim=768, num_heads=8, mask=causal)",torch,mps,False,32,256,,,,30.50472500006435,30.50472500006435,0.0,bfloat16
"TransformerDecoderLayer(dim=768, num_heads=8, mask=causal)",mlx,metal,False,32,256,,,,26.30927250022069,26.30927250022069,0.0,bfloat16
"TransformerDecoderLayer(dim=768, num_heads=8, mask=causal)",mlx,metal,True,32,256,,,,27.40604833990801,27.40604833990801,0.0,bfloat16
LayerNorm(dim=768),torch,mps,False,32,128,,,,0.9488749999899226,0.9488749999899226,0.0,bfloat16
LayerNorm(dim=768),mlx,metal,False,32,128,,,,0.236501782715589,0.236501782715589,0.0,bfloat16
LayerNorm(dim=768),mlx,metal,True,32,128,,,,0.2422840441865918,0.2422840441865918,0.0,bfloat16
"Linear(in=768, out=768)",torch,mps,False,32,128,,,,1.526115624983504,1.526115624983504,0.0,bfloat16
"Linear(in=768, out=768)",mlx,metal,False,32,128,,,,0.901290087469544,0.901290087469544,0.0,bfloat16
"Linear(in=768, out=768)",mlx,metal,True,32,128,,,,0.9703817097586316,0.9703817097586316,0.0,bfloat16
"MHSA(dim=768, num_heads=1, mask=None)",torch,mps,False,32,128,,,,4.481950839981437,4.481950839981437,0.0,bfloat16
"MHSA(dim=768, num_heads=1, mask=None)",mlx,metal,False,32,128,,,,3.1940080076590394,3.1940080076590394,0.0,bfloat16
"MHSA(dim=768, num_heads=1, mask=None)",mlx,metal,True,32,128,,,,3.6654583332404544,3.6654583332404544,0.0,bfloat16
"MHSA(dim=768, num_heads=8, mask=None)",torch,mps,False,32,128,,,,4.741849999991246,4.741849999991246,0.0,bfloat16
"MHSA(dim=768, num_heads=8, mask=None)",mlx,metal,False,32,128,,,,3.3963096640072763,3.3963096640072763,0.0,bfloat16
"MHSA(dim=768, num_heads=8, mask=None)",mlx,metal,True,32,128,,,,3.848018907568175,3.848018907568175,0.0,bfloat16
"TransformerEncoderLayer(dim=768, num_heads=8, mask=None)",torch,mps,False,32,128,,,,10.956115839944689,10.956115839944689,0.0,bfloat16
"TransformerEncoderLayer(dim=768, num_heads=8, mask=None)",mlx,metal,False,32,128,,,,9.214044180116616,9.214044180116616,0.0,bfloat16
"TransformerEncoderLayer(dim=768, num_heads=8, mask=None)",mlx,metal,True,32,128,,,,9.853662499808706,9.853662499808706,0.0,bfloat16
"TransformerEncoderLayer(dim=768, num_heads=8, mask=causal)",torch,mps,False,32,128,,,,10.798150839982554,10.798150839982554,0.0,bfloat16
"TransformerEncoderLayer(dim=768, num_heads=8, mask=causal)",mlx,metal,False,32,128,,,,9.364033339952584,9.364033339952584,0.0,bfloat16
"TransformerEncoderLayer(dim=768, num_heads=8, mask=causal)",mlx,metal,True,32,128,,,,9.810496660065835,9.810496660065835,0.0,bfloat16
"TransformerDecoderLayer(dim=768, num_heads=8, mask=None)",torch,mps,False,32,128,,,,15.216819180059248,15.216819180059248,0.0,bfloat16
"TransformerDecoderLayer(dim=768, num_heads=8, mask=None)",mlx,metal,False,32,128,,,,12.703420000034384,12.703420000034384,0.0,bfloat16
"TransformerDecoderLayer(dim=768, num_heads=8, mask=None)",mlx,metal,True,32,128,,,,13.36666499992134,13.36666499992134,0.0,bfloat16
"TransformerDecoderLayer(dim=768, num_heads=8, mask=causal)",torch,mps,False,32,128,,,,15.063316659943666,15.063316659943666,0.0,bfloat16
"TransformerDecoderLayer(dim=768, num_heads=8, mask=causal)",mlx,metal,False,32,128,,,,12.73436083982233,12.73436083982233,0.0,bfloat16
"TransformerDecoderLayer(dim=768, num_heads=8, mask=causal)",mlx,metal,True,32,128,,,,13.34482083999319,13.34482083999319,0.0,bfloat16
LayerNorm(dim=768),torch,mps,False,32,64,,,,0.4041984449047003,0.4041984449047003,0.0,bfloat16
LayerNorm(dim=768),mlx,metal,False,32,64,,,,0.1695137340740324,0.1695137340740324,0.0,bfloat16
LayerNorm(dim=768),mlx,metal,True,32,64,,,,0.169048435123795,0.169048435123795,0.0,bfloat16
"Linear(in=768, out=768)",torch,mps,False,32,64,,,,0.770827964856835,0.770827964856835,0.0,bfloat16
"Linear(in=768, out=768)",mlx,metal,False,32,64,,,,0.4890014179900203,0.4890014179900203,0.0,bfloat16
"Linear(in=768, out=768)",mlx,metal,True,32,64,,,,0.5754808055293136,0.5754808055293136,0.0,bfloat16
"MHSA(dim=768, num_heads=1, mask=None)",torch,mps,False,32,64,,,,3.4757041668247743,3.4757041668247743,0.0,bfloat16
"MHSA(dim=768, num_heads=1, mask=None)",mlx,metal,False,32,64,,,,1.6924620482773731,1.6924620482773731,0.0,bfloat16
"MHSA(dim=768, num_heads=1, mask=None)",mlx,metal,True,32,64,,,,2.0300026545803784,2.0300026545803784,0.0,bfloat16
"MHSA(dim=768, num_heads=8, mask=None)",torch,mps,False,32,64,,,,3.39648159740148,3.39648159740148,0.0,bfloat16
"MHSA(dim=768, num_heads=8, mask=None)",mlx,metal,False,32,64,,,,1.778633003956273,1.778633003956273,0.0,bfloat16
"MHSA(dim=768, num_heads=8, mask=None)",mlx,metal,True,32,64,,,,2.097058486219585,2.097058486219585,0.0,bfloat16
"TransformerEncoderLayer(dim=768, num_heads=8, mask=None)",torch,mps,False,32,64,,,,5.632739999855403,5.632739999855403,0.0,bfloat16
"TransformerEncoderLayer(dim=768, num_heads=8, mask=None)",mlx,metal,False,32,64,,,,4.799100948580464,4.799100948580464,0.0,bfloat16
"TransformerEncoderLayer(dim=768, num_heads=8, mask=None)",mlx,metal,True,32,64,,,,5.301057692242346,5.301057692242346,0.0,bfloat16
"TransformerEncoderLayer(dim=768, num_heads=8, mask=causal)",torch,mps,False,32,64,,,,5.550496659998316,5.550496659998316,0.0,bfloat16
"TransformerEncoderLayer(dim=768, num_heads=8, mask=causal)",mlx,metal,False,32,64,,,,4.820025648319183,4.820025648319183,0.0,bfloat16
"TransformerEncoderLayer(dim=768, num_heads=8, mask=causal)",mlx,metal,True,32,64,,,,5.304963835182467,5.304963835182467,0.0,bfloat16
"TransformerDecoderLayer(dim=768, num_heads=8, mask=None)",torch,mps,False,32,64,,,,7.658197499986272,7.658197499986272,0.0,bfloat16
"TransformerDecoderLayer(dim=768, num_heads=8, mask=None)",mlx,metal,False,32,64,,,,6.523241298516462,6.523241298516462,0.0,bfloat16
"TransformerDecoderLayer(dim=768, num_heads=8, mask=None)",mlx,metal,True,32,64,,,,7.1882334559632,7.1882334559632,0.0,bfloat16
"TransformerDecoderLayer(dim=768, num_heads=8, mask=causal)",torch,mps,False,32,64,,,,7.652106659952551,7.652106659952551,0.0,bfloat16
"TransformerDecoderLayer(dim=768, num_heads=8, mask=causal)",mlx,metal,False,32,64,,,,6.529025362291629,6.529025362291629,0.0,bfloat16
"TransformerDecoderLayer(dim=768, num_heads=8, mask=causal)",mlx,metal,True,32,64,,,,7.117230072490992,7.117230072490992,0.0,bfloat16
LayerNorm(dim=768),torch,mps,False,16,512,,,,0.6392146945775797,0.6392146945775797,0.0,bfloat16
LayerNorm(dim=768),mlx,metal,False,16,512,,,,0.3350448071003629,0.3350448071003629,0.0,bfloat16
LayerNorm(dim=768),mlx,metal,True,16,512,,,,0.3648347276010636,0.3648347276010636,0.0,bfloat16
"Linear(in=768, out=768)",torch,mps,False,16,512,,,,1.6830010121693926,1.6830010121693926,0.0,bfloat16
"Linear(in=768, out=768)",mlx,metal,False,16,512,,,,1.4972818080423167,1.4972818080423167,0.0,bfloat16
"Linear(in=768, out=768)",mlx,metal,True,16,512,,,,1.6467146317803034,1.6467146317803034,0.0,bfloat16
"MHSA(dim=768, num_heads=1, mask=None)",torch,mps,False,16,512,,,,9.6287091600243,9.6287091600243,0.0,bfloat16
"MHSA(dim=768, num_heads=1, mask=None)",mlx,metal,False,16,512,,,,7.579276569043126,7.579276569043126,0.0,bfloat16
"MHSA(dim=768, num_heads=1, mask=None)",mlx,metal,True,16,512,,,,8.089408898278203,8.089408898278203,0.0,bfloat16
"MHSA(dim=768, num_heads=8, mask=None)",torch,mps,False,16,512,,,,10.750916660181248,10.750916660181248,0.0,bfloat16
"MHSA(dim=768, num_heads=8, mask=None)",mlx,metal,False,16,512,,,,8.692314096081715,8.692314096081715,0.0,bfloat16
"MHSA(dim=768, num_heads=8, mask=None)",mlx,metal,True,16,512,,,,9.322888882403882,9.322888882403882,0.0,bfloat16
"TransformerEncoderLayer(dim=768, num_heads=8, mask=None)",torch,mps,False,16,512,,,,22.58039665990509,22.58039665990509,0.0,bfloat16
"TransformerEncoderLayer(dim=768, num_heads=8, mask=None)",mlx,metal,False,16,512,,,,20.103485840081703,20.103485840081703,0.0,bfloat16
"TransformerEncoderLayer(dim=768, num_heads=8, mask=None)",mlx,metal,True,16,512,,,,21.54610332014272,21.54610332014272,0.0,bfloat16
"TransformerEncoderLayer(dim=768, num_heads=8, mask=causal)",torch,mps,False,16,512,,,,22.770108339900617,22.770108339900617,0.0,bfloat16
"TransformerEncoderLayer(dim=768, num_heads=8, mask=causal)",mlx,metal,False,16,512,,,,20.671954179997556,20.671954179997556,0.0,bfloat16
"TransformerEncoderLayer(dim=768, num_heads=8, mask=causal)",mlx,metal,True,16,512,,,,21.55990166007541,21.55990166007541,0.0,bfloat16
"TransformerDecoderLayer(dim=768, num_heads=8, mask=None)",torch,mps,False,16,512,,,,33.16694084001938,33.16694084001938,0.0,bfloat16
"TransformerDecoderLayer(dim=768, num_heads=8, mask=None)",mlx,metal,False,16,512,,,,28.990946679841727,28.990946679841727,0.0,bfloat16
"TransformerDecoderLayer(dim=768, num_heads=8, mask=None)",mlx,metal,True,16,512,,,,30.961614999978337,30.961614999978337,0.0,bfloat16
"TransformerDecoderLayer(dim=768, num_heads=8, mask=causal)",torch,mps,False,16,512,,,,33.029595839907415,33.029595839907415,0.0,bfloat16
"TransformerDecoderLayer(dim=768, num_heads=8, mask=causal)",mlx,metal,False,16,512,,,,29.64389749977272,29.64389749977272,0.0,bfloat16
"TransformerDecoderLayer(dim=768, num_heads=8, mask=causal)",mlx,metal,True,16,512,,,,31.00096582027618,31.00096582027618,0.0,bfloat16
LayerNorm(dim=768),torch,mps,False,16,256,,,,0.8924606039781252,0.8924606039781252,0.0,bfloat16
LayerNorm(dim=768),mlx,metal,False,16,256,,,,0.2295230800632898,0.2295230800632898,0.0,bfloat16
LayerNorm(dim=768),mlx,metal,True,16,256,,,,0.2430011127621677,0.2430011127621677,0.0,bfloat16
"Linear(in=768, out=768)",torch,mps,False,16,256,,,,1.478041659519225,1.478041659519225,0.0,bfloat16
"Linear(in=768, out=768)",mlx,metal,False,16,256,,,,0.8687860411948799,0.8687860411948799,0.0,bfloat16
"Linear(in=768, out=768)",mlx,metal,True,16,256,,,,0.9828185406162376,0.9828185406162376,0.0,bfloat16
"MHSA(dim=768, num_heads=1, mask=None)",torch,mps,False,16,256,,,,4.769399159995373,4.769399159995373,0.0,bfloat16
"MHSA(dim=768, num_heads=1, mask=None)",mlx,metal,False,16,256,,,,3.4310410648045004,3.4310410648045004,0.0,bfloat16
"MHSA(dim=768, num_heads=1, mask=None)",mlx,metal,True,16,256,,,,3.939977008673756,3.939977008673756,0.0,bfloat16
"MHSA(dim=768, num_heads=8, mask=None)",torch,mps,False,16,256,,,,4.944725839886814,4.944725839886814,0.0,bfloat16
"MHSA(dim=768, num_heads=8, mask=None)",mlx,metal,False,16,256,,,,3.741059169988148,3.741059169988148,0.0,bfloat16
"MHSA(dim=768, num_heads=8, mask=None)",mlx,metal,True,16,256,,,,4.19515454546358,4.19515454546358,0.0,bfloat16
"TransformerEncoderLayer(dim=768, num_heads=8, mask=None)",torch,mps,False,16,256,,,,11.14594250015216,11.14594250015216,0.0,bfloat16
"TransformerEncoderLayer(dim=768, num_heads=8, mask=None)",mlx,metal,False,16,256,,,,9.648049180104865,9.648049180104865,0.0,bfloat16
"TransformerEncoderLayer(dim=768, num_heads=8, mask=None)",mlx,metal,True,16,256,,,,10.278289999987464,10.278289999987464,0.0,bfloat16
"TransformerEncoderLayer(dim=768, num_heads=8, mask=causal)",torch,mps,False,16,256,,,,11.266710000054443,11.266710000054443,0.0,bfloat16
"TransformerEncoderLayer(dim=768, num_heads=8, mask=causal)",mlx,metal,False,16,256,,,,9.688661659893114,9.688661659893114,0.0,bfloat16
"TransformerEncoderLayer(dim=768, num_heads=8, mask=causal)",mlx,metal,True,16,256,,,,10.312591679976322,10.312591679976322,0.0,bfloat16
"TransformerDecoderLayer(dim=768, num_heads=8, mask=None)",torch,mps,False,16,256,,,,15.62233999982709,15.62233999982709,0.0,bfloat16
"TransformerDecoderLayer(dim=768, num_heads=8, mask=None)",mlx,metal,False,16,256,,,,13.350685000186786,13.350685000186786,0.0,bfloat16
"TransformerDecoderLayer(dim=768, num_heads=8, mask=None)",mlx,metal,True,16,256,,,,14.238997499924151,14.238997499924151,0.0,bfloat16
"TransformerDecoderLayer(dim=768, num_heads=8, mask=causal)",torch,mps,False,16,256,,,,15.747494160023052,15.747494160023052,0.0,bfloat16
"TransformerDecoderLayer(dim=768, num_heads=8, mask=causal)",mlx,metal,False,16,256,,,,13.535617500019724,13.535617500019724,0.0,bfloat16
"TransformerDecoderLayer(dim=768, num_heads=8, mask=causal)",mlx,metal,True,16,256,,,,14.203487500199117,14.203487500199117,0.0,bfloat16
LayerNorm(dim=768),torch,mps,False,16,128,,,,0.7706232103014509,0.7706232103014509,0.0,bfloat16
LayerNorm(dim=768),mlx,metal,False,16,128,,,,0.1625454732100337,0.1625454732100337,0.0,bfloat16
LayerNorm(dim=768),mlx,metal,True,16,128,,,,0.1700336498704923,0.1700336498704923,0.0,bfloat16
"Linear(in=768, out=768)",torch,mps,False,16,128,,,,0.8920262284638351,0.8920262284638351,0.0,bfloat16
"Linear(in=768, out=768)",mlx,metal,False,16,128,,,,0.4928715408811896,0.4928715408811896,0.0,bfloat16
"Linear(in=768, out=768)",mlx,metal,True,16,128,,,,0.5869752094847106,0.5869752094847106,0.0,bfloat16
"MHSA(dim=768, num_heads=1, mask=None)",torch,mps,False,16,128,,,,3.552637500106357,3.552637500106357,0.0,bfloat16
"MHSA(dim=768, num_heads=1, mask=None)",mlx,metal,False,16,128,,,,1.7737661225973695,1.7737661225973695,0.0,bfloat16
"MHSA(dim=768, num_heads=1, mask=None)",mlx,metal,True,16,128,,,,2.0889455112928896,2.0889455112928896,0.0,bfloat16
"MHSA(dim=768, num_heads=8, mask=None)",torch,mps,False,16,128,,,,2.8669699651884932,2.8669699651884932,0.0,bfloat16
"MHSA(dim=768, num_heads=8, mask=None)",mlx,metal,False,16,128,,,,1.8526744898123553,1.8526744898123553,0.0,bfloat16
"MHSA(dim=768, num_heads=8, mask=None)",mlx,metal,True,16,128,,,,2.1651750420264806,2.1651750420264806,0.0,bfloat16
"TransformerEncoderLayer(dim=768, num_heads=8, mask=None)",torch,mps,False,16,128,,,,5.659710000036284,5.659710000036284,0.0,bfloat16
"TransformerEncoderLayer(dim=768, num_heads=8, mask=None)",mlx,metal,False,16,128,,,,4.933754343862044,4.933754343862044,0.0,bfloat16
"TransformerEncoderLayer(dim=768, num_heads=8, mask=None)",mlx,metal,True,16,128,,,,5.404420454479722,5.404420454479722,0.0,bfloat16
"TransformerEncoderLayer(dim=768, num_heads=8, mask=causal)",torch,mps,False,16,128,,,,5.702409160148818,5.702409160148818,0.0,bfloat16
"TransformerEncoderLayer(dim=768, num_heads=8, mask=causal)",mlx,metal,False,16,128,,,,4.910703552013729,4.910703552013729,0.0,bfloat16
"TransformerEncoderLayer(dim=768, num_heads=8, mask=causal)",mlx,metal,True,16,128,,,,5.482557352960987,5.482557352960987,0.0,bfloat16
"TransformerDecoderLayer(dim=768, num_heads=8, mask=None)",torch,mps,False,16,128,,,,7.873155840206891,7.873155840206891,0.0,bfloat16
"TransformerDecoderLayer(dim=768, num_heads=8, mask=None)",mlx,metal,False,16,128,,,,6.665351720585022,6.665351720585022,0.0,bfloat16
"TransformerDecoderLayer(dim=768, num_heads=8, mask=None)",mlx,metal,True,16,128,,,,7.290209606060561,7.290209606060561,0.0,bfloat16
"TransformerDecoderLayer(dim=768, num_heads=8, mask=causal)",torch,mps,False,16,128,,,,7.874777500110213,7.874777500110213,0.0,bfloat16
"TransformerDecoderLayer(dim=768, num_heads=8, mask=causal)",mlx,metal,False,16,128,,,,6.704593283635106,6.704593283635106,0.0,bfloat16
"TransformerDecoderLayer(dim=768, num_heads=8, mask=causal)",mlx,metal,True,16,128,,,,7.300923621214954,7.300923621214954,0.0,bfloat16
LayerNorm(dim=768),torch,mps,False,16,64,,,,0.3429112252191984,0.3429112252191984,0.0,bfloat16
LayerNorm(dim=768),mlx,metal,False,16,64,,,,0.1319873000906148,0.1319873000906148,0.0,bfloat16
LayerNorm(dim=768),mlx,metal,True,16,64,,,,0.142711707229642,0.142711707229642,0.0,bfloat16
"Linear(in=768, out=768)",torch,mps,False,16,64,,,,0.464426224940054,0.464426224940054,0.0,bfloat16
"Linear(in=768, out=768)",mlx,metal,False,16,64,,,,0.31143762300293,0.31143762300293,0.0,bfloat16
"Linear(in=768, out=768)",mlx,metal,True,16,64,,,,0.3800260323438063,0.3800260323438063,0.0,bfloat16
"MHSA(dim=768, num_heads=1, mask=None)",torch,mps,False,16,64,,,,2.600507487025028,2.600507487025028,0.0,bfloat16
"MHSA(dim=768, num_heads=1, mask=None)",mlx,metal,False,16,64,,,,0.9994656169636816,0.9994656169636816,0.0,bfloat16
"MHSA(dim=768, num_heads=1, mask=None)",mlx,metal,True,16,64,,,,1.27981798866798,1.27981798866798,0.0,bfloat16
"MHSA(dim=768, num_heads=8, mask=None)",torch,mps,False,16,64,,,,2.665669999939079,2.665669999939079,0.0,bfloat16
"MHSA(dim=768, num_heads=8, mask=None)",mlx,metal,False,16,64,,,,1.0495845505461825,1.0495845505461825,0.0,bfloat16
"MHSA(dim=768, num_heads=8, mask=None)",mlx,metal,True,16,64,,,,1.3205213168518195,1.3205213168518195,0.0,bfloat16
"TransformerEncoderLayer(dim=768, num_heads=8, mask=None)",torch,mps,False,16,64,,,,4.028119592543657,4.028119592543657,0.0,bfloat16
"TransformerEncoderLayer(dim=768, num_heads=8, mask=None)",mlx,metal,False,16,64,,,,2.606477617103207,2.606477617103207,0.0,bfloat16
"TransformerEncoderLayer(dim=768, num_heads=8, mask=None)",mlx,metal,True,16,64,,,,3.0329938590278824,3.0329938590278824,0.0,bfloat16
"TransformerEncoderLayer(dim=768, num_heads=8, mask=causal)",torch,mps,False,16,64,,,,5.339128483319655,5.339128483319655,0.0,bfloat16
"TransformerEncoderLayer(dim=768, num_heads=8, mask=causal)",mlx,metal,False,16,64,,,,2.601784828129894,2.601784828129894,0.0,bfloat16
"TransformerEncoderLayer(dim=768, num_heads=8, mask=causal)",mlx,metal,True,16,64,,,,3.038776273876992,3.038776273876992,0.0,bfloat16
"TransformerDecoderLayer(dim=768, num_heads=8, mask=None)",torch,mps,False,16,64,,,,5.622053477624709,5.622053477624709,0.0,bfloat16
"TransformerDecoderLayer(dim=768, num_heads=8, mask=None)",mlx,metal,False,16,64,,,,3.515600663376972,3.515600663376972,0.0,bfloat16
"TransformerDecoderLayer(dim=768, num_heads=8, mask=None)",mlx,metal,True,16,64,,,,4.1002138916762005,4.1002138916762005,0.0,bfloat16
"TransformerDecoderLayer(dim=768, num_heads=8, mask=causal)",torch,mps,False,16,64,,,,5.543447321919114,5.543447321919114,0.0,bfloat16
"TransformerDecoderLayer(dim=768, num_heads=8, mask=causal)",mlx,metal,False,16,64,,,,3.522590508152059,3.522590508152059,0.0,bfloat16
"TransformerDecoderLayer(dim=768, num_heads=8, mask=causal)",mlx,metal,True,16,64,,,,4.078860294138386,4.078860294138386,0.0,bfloat16
LayerNorm(dim=768),torch,mps,False,8,512,,,,0.9246527727307032,0.9246527727307032,0.0,bfloat16
LayerNorm(dim=768),mlx,metal,False,8,512,,,,0.232041294308383,0.232041294308383,0.0,bfloat16
LayerNorm(dim=768),mlx,metal,True,8,512,,,,0.2503915963256917,0.2503915963256917,0.0,bfloat16
"Linear(in=768, out=768)",torch,mps,False,8,512,,,,1.881019021707091,1.881019021707091,0.0,bfloat16
"Linear(in=768, out=768)",mlx,metal,False,8,512,,,,0.877963456271876,0.877963456271876,0.0,bfloat16
"Linear(in=768, out=768)",mlx,metal,True,8,512,,,,0.9896854414061332,0.9896854414061332,0.0,bfloat16
"MHSA(dim=768, num_heads=1, mask=None)",torch,mps,False,8,512,,,,5.2107283400255255,5.2107283400255255,0.0,bfloat16
"MHSA(dim=768, num_heads=1, mask=None)",mlx,metal,False,8,512,,,,3.87968382350083,3.87968382350083,0.0,bfloat16
"MHSA(dim=768, num_heads=1, mask=None)",mlx,metal,True,8,512,,,,4.300457192718376,4.300457192718376,0.0,bfloat16
"MHSA(dim=768, num_heads=8, mask=None)",torch,mps,False,8,512,,,,5.59631249983795,5.59631249983795,0.0,bfloat16
"MHSA(dim=768, num_heads=8, mask=None)",mlx,metal,False,8,512,,,,4.495447916724515,4.495447916724515,0.0,bfloat16
"MHSA(dim=768, num_heads=8, mask=None)",mlx,metal,True,8,512,,,,4.926160216444297,4.926160216444297,0.0,bfloat16
"TransformerEncoderLayer(dim=768, num_heads=8, mask=None)",torch,mps,False,8,512,,,,11.579662500007544,11.579662500007544,0.0,bfloat16
"TransformerEncoderLayer(dim=768, num_heads=8, mask=None)",mlx,metal,False,8,512,,,,10.320818340114783,10.320818340114783,0.0,bfloat16
"TransformerEncoderLayer(dim=768, num_heads=8, mask=None)",mlx,metal,True,8,512,,,,11.097160819917915,11.097160819917915,0.0,bfloat16
"TransformerEncoderLayer(dim=768, num_heads=8, mask=causal)",torch,mps,False,8,512,,,,11.606248320022132,11.606248320022132,0.0,bfloat16
"TransformerEncoderLayer(dim=768, num_heads=8, mask=causal)",mlx,metal,False,8,512,,,,10.59045750007499,10.59045750007499,0.0,bfloat16
"TransformerEncoderLayer(dim=768, num_heads=8, mask=causal)",mlx,metal,True,8,512,,,,11.09252082009334,11.09252082009334,0.0,bfloat16
"TransformerDecoderLayer(dim=768, num_heads=8, mask=None)",torch,mps,False,8,512,,,,16.73471749993041,16.73471749993041,0.0,bfloat16
"TransformerDecoderLayer(dim=768, num_heads=8, mask=None)",mlx,metal,False,8,512,,,,14.76784750004299,14.76784750004299,0.0,bfloat16
"TransformerDecoderLayer(dim=768, num_heads=8, mask=None)",mlx,metal,True,8,512,,,,15.850271680101288,15.850271680101288,0.0,bfloat16
"TransformerDecoderLayer(dim=768, num_heads=8, mask=causal)",torch,mps,False,8,512,,,,16.804071679944173,16.804071679944173,0.0,bfloat16
"TransformerDecoderLayer(dim=768, num_heads=8, mask=causal)",mlx,metal,False,8,512,,,,15.03530916001182,15.03530916001182,0.0,bfloat16
"TransformerDecoderLayer(dim=768, num_heads=8, mask=causal)",mlx,metal,True,8,512,,,,16.760340000037104,16.760340000037104,0.0,bfloat16
LayerNorm(dim=768),torch,mps,False,8,256,,,,0.7090944220367713,0.7090944220367713,0.0,bfloat16
LayerNorm(dim=768),mlx,metal,False,8,256,,,,0.1661188413879176,0.1661188413879176,0.0,bfloat16
LayerNorm(dim=768),mlx,metal,True,8,256,,,,0.1723498409480517,0.1723498409480517,0.0,bfloat16
"Linear(in=768, out=768)",torch,mps,False,8,256,,,,0.8519295515725389,0.8519295515725389,0.0,bfloat16
"Linear(in=768, out=768)",mlx,metal,False,8,256,,,,0.5005260931391282,0.5005260931391282,0.0,bfloat16
"Linear(in=768, out=768)",mlx,metal,True,8,256,,,,0.5839019932834837,0.5839019932834837,0.0,bfloat16
"MHSA(dim=768, num_heads=1, mask=None)",torch,mps,False,8,256,,,,3.339230397079304,3.339230397079304,0.0,bfloat16
"MHSA(dim=768, num_heads=1, mask=None)",mlx,metal,False,8,256,,,,1.8803826844573528,1.8803826844573528,0.0,bfloat16
"MHSA(dim=768, num_heads=1, mask=None)",mlx,metal,True,8,256,,,,2.1988144622157977,2.1988144622157977,0.0,bfloat16
"MHSA(dim=768, num_heads=8, mask=None)",torch,mps,False,8,256,,,,3.5404955229471224,3.5404955229471224,0.0,bfloat16
"MHSA(dim=768, num_heads=8, mask=None)",mlx,metal,False,8,256,,,,2.037133587707598,2.037133587707598,0.0,bfloat16
"MHSA(dim=768, num_heads=8, mask=None)",mlx,metal,True,8,256,,,,2.3667009060079747,2.3667009060079747,0.0,bfloat16
"TransformerEncoderLayer(dim=768, num_heads=8, mask=None)",torch,mps,False,8,256,,,,5.7817125000292435,5.7817125000292435,0.0,bfloat16
"TransformerEncoderLayer(dim=768, num_heads=8, mask=None)",mlx,metal,False,8,256,,,,5.043351946911339,5.043351946911339,0.0,bfloat16
"TransformerEncoderLayer(dim=768, num_heads=8, mask=None)",mlx,metal,True,8,256,,,,5.626484011753386,5.626484011753386,0.0,bfloat16
"TransformerEncoderLayer(dim=768, num_heads=8, mask=causal)",torch,mps,False,8,256,,,,5.756824160052929,5.756824160052929,0.0,bfloat16
"TransformerEncoderLayer(dim=768, num_heads=8, mask=causal)",mlx,metal,False,8,256,,,,5.115936351633007,5.115936351633007,0.0,bfloat16
"TransformerEncoderLayer(dim=768, num_heads=8, mask=causal)",mlx,metal,True,8,256,,,,5.594377873609934,5.594377873609934,0.0,bfloat16
"TransformerDecoderLayer(dim=768, num_heads=8, mask=None)",torch,mps,False,8,256,,,,8.10011333989678,8.10011333989678,0.0,bfloat16
"TransformerDecoderLayer(dim=768, num_heads=8, mask=None)",mlx,metal,False,8,256,,,,7.035000656287593,7.035000656287593,0.0,bfloat16
"TransformerDecoderLayer(dim=768, num_heads=8, mask=None)",mlx,metal,True,8,256,,,,7.689660714176069,7.689660714176069,0.0,bfloat16
"TransformerDecoderLayer(dim=768, num_heads=8, mask=causal)",torch,mps,False,8,256,,,,8.100316660129465,8.100316660129465,0.0,bfloat16
"TransformerDecoderLayer(dim=768, num_heads=8, mask=causal)",mlx,metal,False,8,256,,,,7.088893874879432,7.088893874879432,0.0,bfloat16
"TransformerDecoderLayer(dim=768, num_heads=8, mask=causal)",mlx,metal,True,8,256,,,,7.691329365202581,7.691329365202581,0.0,bfloat16
LayerNorm(dim=768),torch,mps,False,8,128,,,,0.6834957447086283,0.6834957447086283,0.0,bfloat16
LayerNorm(dim=768),mlx,metal,False,8,128,,,,0.1472829166229415,0.1472829166229415,0.0,bfloat16
LayerNorm(dim=768),mlx,metal,True,8,128,,,,0.1508374379092438,0.1508374379092438,0.0,bfloat16
"Linear(in=768, out=768)",torch,mps,False,8,128,,,,0.6686543650825375,0.6686543650825375,0.0,bfloat16
"Linear(in=768, out=768)",mlx,metal,False,8,128,,,,0.320073271363962,0.320073271363962,0.0,bfloat16
"Linear(in=768, out=768)",mlx,metal,True,8,128,,,,0.3899368659729056,0.3899368659729056,0.0,bfloat16
"MHSA(dim=768, num_heads=1, mask=None)",torch,mps,False,8,128,,,,2.5263809481433097,2.5263809481433097,0.0,bfloat16
"MHSA(dim=768, num_heads=1, mask=None)",mlx,metal,False,8,128,,,,1.0500123333185911,1.0500123333185911,0.0,bfloat16
"MHSA(dim=768, num_heads=1, mask=None)",mlx,metal,True,8,128,,,,1.3176537543836142,1.3176537543836142,0.0,bfloat16
"MHSA(dim=768, num_heads=8, mask=None)",torch,mps,False,8,128,,,,2.772976666650114,2.772976666650114,0.0,bfloat16
"MHSA(dim=768, num_heads=8, mask=None)",mlx,metal,False,8,128,,,,1.062892793090421,1.062892793090421,0.0,bfloat16
"MHSA(dim=768, num_heads=8, mask=None)",mlx,metal,True,8,128,,,,1.3222535657383137,1.3222535657383137,0.0,bfloat16
"TransformerEncoderLayer(dim=768, num_heads=8, mask=None)",torch,mps,False,8,128,,,,5.665715406717875,5.665715406717875,0.0,bfloat16
"TransformerEncoderLayer(dim=768, num_heads=8, mask=None)",mlx,metal,False,8,128,,,,2.618564893472482,2.618564893472482,0.0,bfloat16
"TransformerEncoderLayer(dim=768, num_heads=8, mask=None)",mlx,metal,True,8,128,,,,3.0840238853606876,3.0840238853606876,0.0,bfloat16
"TransformerEncoderLayer(dim=768, num_heads=8, mask=causal)",torch,mps,False,8,128,,,,4.835267417886948,4.835267417886948,0.0,bfloat16
"TransformerEncoderLayer(dim=768, num_heads=8, mask=causal)",mlx,metal,False,8,128,,,,2.633530601542589,2.633530601542589,0.0,bfloat16
"TransformerEncoderLayer(dim=768, num_heads=8, mask=causal)",mlx,metal,True,8,128,,,,3.0740822628267312,3.0740822628267312,0.0,bfloat16
"TransformerDecoderLayer(dim=768, num_heads=8, mask=None)",torch,mps,False,8,128,,,,6.90849371697042,6.90849371697042,0.0,bfloat16
"TransformerDecoderLayer(dim=768, num_heads=8, mask=None)",mlx,metal,False,8,128,,,,3.62385981310938,3.62385981310938,0.0,bfloat16
"TransformerDecoderLayer(dim=768, num_heads=8, mask=None)",mlx,metal,True,8,128,,,,4.138653846054624,4.138653846054624,0.0,bfloat16
"TransformerDecoderLayer(dim=768, num_heads=8, mask=causal)",torch,mps,False,8,128,,,,6.021212952281718,6.021212952281718,0.0,bfloat16
"TransformerDecoderLayer(dim=768, num_heads=8, mask=causal)",mlx,metal,False,8,128,,,,3.611318181760402,3.611318181760402,0.0,bfloat16
"TransformerDecoderLayer(dim=768, num_heads=8, mask=causal)",mlx,metal,True,8,128,,,,4.164120367589868,4.164120367589868,0.0,bfloat16
LayerNorm(dim=768),torch,mps,False,8,64,,,,0.5757752403671754,0.5757752403671754,0.0,bfloat16
LayerNorm(dim=768),mlx,metal,False,8,64,,,,0.1273493096127312,0.1273493096127312,0.0,bfloat16
LayerNorm(dim=768),mlx,metal,True,8,64,,,,0.1277759244376497,0.1277759244376497,0.0,bfloat16
"Linear(in=768, out=768)",torch,mps,False,8,64,,,,0.4636689860794019,0.4636689860794019,0.0,bfloat16
"Linear(in=768, out=768)",mlx,metal,False,8,64,,,,0.2350113153518803,0.2350113153518803,0.0,bfloat16
"Linear(in=768, out=768)",mlx,metal,True,8,64,,,,0.2980712230295548,0.2980712230295548,0.0,bfloat16
"MHSA(dim=768, num_heads=1, mask=None)",torch,mps,False,8,64,,,,2.5971639341533823,2.5971639341533823,0.0,bfloat16
"MHSA(dim=768, num_heads=1, mask=None)",mlx,metal,False,8,64,,,,0.6974843174800944,0.6974843174800944,0.0,bfloat16
"MHSA(dim=768, num_heads=1, mask=None)",mlx,metal,True,8,64,,,,0.9205012600784446,0.9205012600784446,0.0,bfloat16
"MHSA(dim=768, num_heads=8, mask=None)",torch,mps,False,8,64,,,,2.616573670643336,2.616573670643336,0.0,bfloat16
"MHSA(dim=768, num_heads=8, mask=None)",mlx,metal,False,8,64,,,,0.7031998922433684,0.7031998922433684,0.0,bfloat16
"MHSA(dim=768, num_heads=8, mask=None)",mlx,metal,True,8,64,,,,0.9225681747714004,0.9225681747714004,0.0,bfloat16
"TransformerEncoderLayer(dim=768, num_heads=8, mask=None)",torch,mps,False,8,64,,,,3.580628932419082,3.580628932419082,0.0,bfloat16
"TransformerEncoderLayer(dim=768, num_heads=8, mask=None)",mlx,metal,False,8,64,,,,1.5157647400427046,1.5157647400427046,0.0,bfloat16
"TransformerEncoderLayer(dim=768, num_heads=8, mask=None)",mlx,metal,True,8,64,,,,1.9005555000039749,1.9005555000039749,0.0,bfloat16
"TransformerEncoderLayer(dim=768, num_heads=8, mask=causal)",torch,mps,False,8,64,,,,4.2390335555763965,4.2390335555763965,0.0,bfloat16
"TransformerEncoderLayer(dim=768, num_heads=8, mask=causal)",mlx,metal,False,8,64,,,,1.588948675533849,1.588948675533849,0.0,bfloat16
"TransformerEncoderLayer(dim=768, num_heads=8, mask=causal)",mlx,metal,True,8,64,,,,1.903496844628158,1.903496844628158,0.0,bfloat16
"TransformerDecoderLayer(dim=768, num_heads=8, mask=None)",torch,mps,False,8,64,,,,5.63855929477797,5.63855929477797,0.0,bfloat16
"TransformerDecoderLayer(dim=768, num_heads=8, mask=None)",mlx,metal,False,8,64,,,,2.0400978444808127,2.0400978444808127,0.0,bfloat16
"TransformerDecoderLayer(dim=768, num_heads=8, mask=None)",mlx,metal,True,8,64,,,,2.472734374957023,2.472734374957023,0.0,bfloat16
"TransformerDecoderLayer(dim=768, num_heads=8, mask=causal)",torch,mps,False,8,64,,,,6.088270050734341,6.088270050734341,0.0,bfloat16
"TransformerDecoderLayer(dim=768, num_heads=8, mask=causal)",mlx,metal,False,8,64,,,,2.0886345873660748,2.0886345873660748,0.0,bfloat16
"TransformerDecoderLayer(dim=768, num_heads=8, mask=causal)",mlx,metal,True,8,64,,,,2.4871974791646303,2.4871974791646303,0.0,bfloat16
LayerNorm(dim=768),torch,mps,False,1,512,,,,0.5442215387260994,0.5442215387260994,0.0,bfloat16
LayerNorm(dim=768),mlx,metal,False,1,512,,,,0.1270961558328567,0.1270961558328567,0.0,bfloat16
LayerNorm(dim=768),mlx,metal,True,1,512,,,,0.1292056663650292,0.1292056663650292,0.0,bfloat16
"Linear(in=768, out=768)",torch,mps,False,1,512,,,,0.5011274999924353,0.5011274999924353,0.0,bfloat16
"Linear(in=768, out=768)",mlx,metal,False,1,512,,,,0.2346851937099412,0.2346851937099412,0.0,bfloat16
"Linear(in=768, out=768)",mlx,metal,True,1,512,,,,0.2957032488039311,0.2957032488039311,0.0,bfloat16
"MHSA(dim=768, num_heads=1, mask=None)",torch,mps,False,1,512,,,,3.100911314374701,3.100911314374701,0.0,bfloat16
"MHSA(dim=768, num_heads=1, mask=None)",mlx,metal,False,1,512,,,,0.7888787500269245,0.7888787500269245,0.0,bfloat16
"MHSA(dim=768, num_heads=1, mask=None)",mlx,metal,True,1,512,,,,0.9750900500959236,0.9750900500959236,0.0,bfloat16
"MHSA(dim=768, num_heads=8, mask=None)",torch,mps,False,1,512,,,,2.8623849552718976,2.8623849552718976,0.0,bfloat16
"MHSA(dim=768, num_heads=8, mask=None)",mlx,metal,False,1,512,,,,0.8437543901361132,0.8437543901361132,0.0,bfloat16
"MHSA(dim=768, num_heads=8, mask=None)",mlx,metal,True,1,512,,,,1.0595375295421856,1.0595375295421856,0.0,bfloat16
"TransformerEncoderLayer(dim=768, num_heads=8, mask=None)",torch,mps,False,1,512,,,,3.6744987032761856,3.6744987032761856,0.0,bfloat16
"TransformerEncoderLayer(dim=768, num_heads=8, mask=None)",mlx,metal,False,1,512,,,,1.646466720841716,1.646466720841716,0.0,bfloat16
"TransformerEncoderLayer(dim=768, num_heads=8, mask=None)",mlx,metal,True,1,512,,,,2.055451213658298,2.055451213658298,0.0,bfloat16
"TransformerEncoderLayer(dim=768, num_heads=8, mask=causal)",torch,mps,False,1,512,,,,6.210531680262648,6.210531680262648,0.0,bfloat16
"TransformerEncoderLayer(dim=768, num_heads=8, mask=causal)",mlx,metal,False,1,512,,,,1.6937246256736862,1.6937246256736862,0.0,bfloat16
"TransformerEncoderLayer(dim=768, num_heads=8, mask=causal)",mlx,metal,True,1,512,,,,2.0589592391447895,2.0589592391447895,0.0,bfloat16
"TransformerDecoderLayer(dim=768, num_heads=8, mask=None)",torch,mps,False,1,512,,,,4.813913246560905,4.813913246560905,0.0,bfloat16
"TransformerDecoderLayer(dim=768, num_heads=8, mask=None)",mlx,metal,False,1,512,,,,2.354087993425262,2.354087993425262,0.0,bfloat16
"TransformerDecoderLayer(dim=768, num_heads=8, mask=None)",mlx,metal,True,1,512,,,,2.811005591466688,2.811005591466688,0.0,bfloat16
"TransformerDecoderLayer(dim=768, num_heads=8, mask=causal)",torch,mps,False,1,512,,,,5.969969155841398,5.969969155841398,0.0,bfloat16
"TransformerDecoderLayer(dim=768, num_heads=8, mask=causal)",mlx,metal,False,1,512,,,,2.401197247726228,2.401197247726228,0.0,bfloat16
"TransformerDecoderLayer(dim=768, num_heads=8, mask=causal)",mlx,metal,True,1,512,,,,2.8343548496243134,2.8343548496243134,0.0,bfloat16
LayerNorm(dim=768),torch,mps,False,1,256,,,,0.3265427851708818,0.3265427851708818,0.0,bfloat16
LayerNorm(dim=768),mlx,metal,False,1,256,,,,0.1097626448893124,0.1097626448893124,0.0,bfloat16
LayerNorm(dim=768),mlx,metal,True,1,256,,,,0.1203317601121123,0.1203317601121123,0.0,bfloat16
"Linear(in=768, out=768)",torch,mps,False,1,256,,,,0.3163544742539456,0.3163544742539456,0.0,bfloat16
"Linear(in=768, out=768)",mlx,metal,False,1,256,,,,0.1762371794881305,0.1762371794881305,0.0,bfloat16
"Linear(in=768, out=768)",mlx,metal,True,1,256,,,,0.2418248802878289,0.2418248802878289,0.0,bfloat16
"MHSA(dim=768, num_heads=1, mask=None)",torch,mps,False,1,256,,,,1.8850116397088104,1.8850116397088104,0.0,bfloat16
"MHSA(dim=768, num_heads=1, mask=None)",mlx,metal,False,1,256,,,,0.505725131233703,0.505725131233703,0.0,bfloat16
"MHSA(dim=768, num_heads=1, mask=None)",mlx,metal,True,1,256,,,,0.7302895430420232,0.7302895430420232,0.0,bfloat16
"MHSA(dim=768, num_heads=8, mask=None)",torch,mps,False,1,256,,,,2.087017970659551,2.087017970659551,0.0,bfloat16
"MHSA(dim=768, num_heads=8, mask=None)",mlx,metal,False,1,256,,,,0.5033524091983133,0.5033524091983133,0.0,bfloat16
"MHSA(dim=768, num_heads=8, mask=None)",mlx,metal,True,1,256,,,,0.7388904347823447,0.7388904347823447,0.0,bfloat16
"TransformerEncoderLayer(dim=768, num_heads=8, mask=None)",torch,mps,False,1,256,,,,5.147773077120432,5.147773077120432,0.0,bfloat16
"TransformerEncoderLayer(dim=768, num_heads=8, mask=None)",mlx,metal,False,1,256,,,,1.103447239153826,1.103447239153826,0.0,bfloat16
"TransformerEncoderLayer(dim=768, num_heads=8, mask=None)",mlx,metal,True,1,256,,,,1.3895173085914256,1.3895173085914256,0.0,bfloat16
"TransformerEncoderLayer(dim=768, num_heads=8, mask=causal)",torch,mps,False,1,256,,,,4.260185376894525,4.260185376894525,0.0,bfloat16
"TransformerEncoderLayer(dim=768, num_heads=8, mask=causal)",mlx,metal,False,1,256,,,,1.1359703791481155,1.1359703791481155,0.0,bfloat16
"TransformerEncoderLayer(dim=768, num_heads=8, mask=causal)",mlx,metal,True,1,256,,,,1.422843652028155,1.422843652028155,0.0,bfloat16
"TransformerDecoderLayer(dim=768, num_heads=8, mask=None)",torch,mps,False,1,256,,,,4.780382612846561,4.780382612846561,0.0,bfloat16
"TransformerDecoderLayer(dim=768, num_heads=8, mask=None)",mlx,metal,False,1,256,,,,1.524305722889412,1.524305722889412,0.0,bfloat16
"TransformerDecoderLayer(dim=768, num_heads=8, mask=None)",mlx,metal,True,1,256,,,,1.9145467247189916,1.9145467247189916,0.0,bfloat16
"TransformerDecoderLayer(dim=768, num_heads=8, mask=causal)",torch,mps,False,1,256,,,,5.221392418003342,5.221392418003342,0.0,bfloat16
"TransformerDecoderLayer(dim=768, num_heads=8, mask=causal)",mlx,metal,False,1,256,,,,1.4643206168684273,1.4643206168684273,0.0,bfloat16
"TransformerDecoderLayer(dim=768, num_heads=8, mask=causal)",mlx,metal,True,1,256,,,,1.831122353155118,1.831122353155118,0.0,bfloat16
LayerNorm(dim=768),torch,mps,False,1,128,,,,0.2787236328919782,0.2787236328919782,0.0,bfloat16
LayerNorm(dim=768),mlx,metal,False,1,128,,,,0.1070921256883401,0.1070921256883401,0.0,bfloat16
LayerNorm(dim=768),mlx,metal,True,1,128,,,,0.1162188891646342,0.1162188891646342,0.0,bfloat16
"Linear(in=768, out=768)",torch,mps,False,1,128,,,,0.2753828428369996,0.2753828428369996,0.0,bfloat16
"Linear(in=768, out=768)",mlx,metal,False,1,128,,,,0.1586529095243015,0.1586529095243015,0.0,bfloat16
"Linear(in=768, out=768)",mlx,metal,True,1,128,,,,0.2231101727327815,0.2231101727327815,0.0,bfloat16
"MHSA(dim=768, num_heads=1, mask=None)",torch,mps,False,1,128,,,,1.3315131835480327,1.3315131835480327,0.0,bfloat16
"MHSA(dim=768, num_heads=1, mask=None)",mlx,metal,False,1,128,,,,0.4077946763089319,0.4077946763089319,0.0,bfloat16
"MHSA(dim=768, num_heads=1, mask=None)",mlx,metal,True,1,128,,,,0.6108939327401915,0.6108939327401915,0.0,bfloat16
"MHSA(dim=768, num_heads=8, mask=None)",torch,mps,False,1,128,,,,1.7866253980279456,1.7866253980279456,0.0,bfloat16
"MHSA(dim=768, num_heads=8, mask=None)",mlx,metal,False,1,128,,,,0.3923103388251299,0.3923103388251299,0.0,bfloat16
"MHSA(dim=768, num_heads=8, mask=None)",mlx,metal,True,1,128,,,,0.5851901939746605,0.5851901939746605,0.0,bfloat16
"TransformerEncoderLayer(dim=768, num_heads=8, mask=None)",torch,mps,False,1,128,,,,3.711963263125845,3.711963263125845,0.0,bfloat16
"TransformerEncoderLayer(dim=768, num_heads=8, mask=None)",mlx,metal,False,1,128,,,,0.8254638722722488,0.8254638722722488,0.0,bfloat16
"TransformerEncoderLayer(dim=768, num_heads=8, mask=None)",mlx,metal,True,1,128,,,,1.169819373387636,1.169819373387636,0.0,bfloat16
"TransformerEncoderLayer(dim=768, num_heads=8, mask=causal)",torch,mps,False,1,128,,,,3.778270201909243,3.778270201909243,0.0,bfloat16
"TransformerEncoderLayer(dim=768, num_heads=8, mask=causal)",mlx,metal,False,1,128,,,,0.8445975864266704,0.8445975864266704,0.0,bfloat16
"TransformerEncoderLayer(dim=768, num_heads=8, mask=causal)",mlx,metal,True,1,128,,,,1.1556067839048418,1.1556067839048418,0.0,bfloat16
"TransformerDecoderLayer(dim=768, num_heads=8, mask=None)",torch,mps,False,1,128,,,,4.702801767659063,4.702801767659063,0.0,bfloat16
"TransformerDecoderLayer(dim=768, num_heads=8, mask=None)",mlx,metal,False,1,128,,,,1.1221518629108824,1.1221518629108824,0.0,bfloat16
"TransformerDecoderLayer(dim=768, num_heads=8, mask=None)",mlx,metal,True,1,128,,,,1.4859022691275807,1.4859022691275807,0.0,bfloat16
"TransformerDecoderLayer(dim=768, num_heads=8, mask=causal)",torch,mps,False,1,128,,,,4.959989285756213,4.959989285756213,0.0,bfloat16
"TransformerDecoderLayer(dim=768, num_heads=8, mask=causal)",mlx,metal,False,1,128,,,,1.1550870000104585,1.1550870000104585,0.0,bfloat16
"TransformerDecoderLayer(dim=768, num_heads=8, mask=causal)",mlx,metal,True,1,128,,,,1.4867628285650252,1.4867628285650252,0.0,bfloat16
LayerNorm(dim=768),torch,mps,False,1,64,,,,0.4765751262752791,0.4765751262752791,0.0,bfloat16
LayerNorm(dim=768),mlx,metal,False,1,64,,,,0.1092938016772549,0.1092938016772549,0.0,bfloat16
LayerNorm(dim=768),mlx,metal,True,1,64,,,,0.1145577329793473,0.1145577329793473,0.0,bfloat16
"Linear(in=768, out=768)",torch,mps,False,1,64,,,,0.2066414486068007,0.2066414486068007,0.0,bfloat16
"Linear(in=768, out=768)",mlx,metal,False,1,64,,,,0.1493467112738347,0.1493467112738347,0.0,bfloat16
"Linear(in=768, out=768)",mlx,metal,True,1,64,,,,0.2123825513308186,0.2123825513308186,0.0,bfloat16
"MHSA(dim=768, num_heads=1, mask=None)",torch,mps,False,1,64,,,,0.9949814031584068,0.9949814031584068,0.0,bfloat16
"MHSA(dim=768, num_heads=1, mask=None)",mlx,metal,False,1,64,,,,0.3398166666415313,0.3398166666415313,0.0,bfloat16
"MHSA(dim=768, num_heads=1, mask=None)",mlx,metal,True,1,64,,,,0.5098535400970821,0.5098535400970821,0.0,bfloat16
"MHSA(dim=768, num_heads=8, mask=None)",torch,mps,False,1,64,,,,1.8921992269505064,1.8921992269505064,0.0,bfloat16
"MHSA(dim=768, num_heads=8, mask=None)",mlx,metal,False,1,64,,,,0.3181408380322182,0.3181408380322182,0.0,bfloat16
"MHSA(dim=768, num_heads=8, mask=None)",mlx,metal,True,1,64,,,,0.5188965163928668,0.5188965163928668,0.0,bfloat16
"TransformerEncoderLayer(dim=768, num_heads=8, mask=None)",torch,mps,False,1,64,,,,2.324880043858314,2.324880043858314,0.0,bfloat16
"TransformerEncoderLayer(dim=768, num_heads=8, mask=None)",mlx,metal,False,1,64,,,,0.8290283674204509,0.8290283674204509,0.0,bfloat16
"TransformerEncoderLayer(dim=768, num_heads=8, mask=None)",mlx,metal,True,1,64,,,,1.008695028801015,1.008695028801015,0.0,bfloat16
"TransformerEncoderLayer(dim=768, num_heads=8, mask=causal)",torch,mps,False,1,64,,,,3.3626652046818863,3.3626652046818863,0.0,bfloat16
"TransformerEncoderLayer(dim=768, num_heads=8, mask=causal)",mlx,metal,False,1,64,,,,0.652809228709974,0.652809228709974,0.0,bfloat16
"TransformerEncoderLayer(dim=768, num_heads=8, mask=causal)",mlx,metal,True,1,64,,,,1.0058651866792288,1.0058651866792288,0.0,bfloat16
"TransformerDecoderLayer(dim=768, num_heads=8, mask=None)",torch,mps,False,1,64,,,,3.604193287039245,3.604193287039245,0.0,bfloat16
"TransformerDecoderLayer(dim=768, num_heads=8, mask=None)",mlx,metal,False,1,64,,,,0.8856637125965905,0.8856637125965905,0.0,bfloat16
"TransformerDecoderLayer(dim=768, num_heads=8, mask=None)",mlx,metal,True,1,64,,,,1.296148625691551,1.296148625691551,0.0,bfloat16
"TransformerDecoderLayer(dim=768, num_heads=8, mask=causal)",torch,mps,False,1,64,,,,4.289547359699001,4.289547359699001,0.0,bfloat16
"TransformerDecoderLayer(dim=768, num_heads=8, mask=causal)",mlx,metal,False,1,64,,,,0.9792156729103306,0.9792156729103306,0.0,bfloat16
"TransformerDecoderLayer(dim=768, num_heads=8, mask=causal)",mlx,metal,True,1,64,,,,1.2644521126763004,1.2644521126763004,0.0,bfloat16
