name,framework,backend,compile,batch_size,sequence_length,median_ms,mean_ms,std_ms
LayerNorm(dim=768),torch,mps,False,64,512,2.747348600435847,2.747348600435847,0.0
LayerNorm(dim=768),mlx,metal,False,64,512,1.009431933440889,1.009431933440889,0.0
LayerNorm(dim=768),mlx,metal,True,64,512,1.1091652670681167,1.1091652670681167,0.0
"Linear(in=768, out=768)",torch,mps,False,64,512,6.523063866673813,6.523063866673813,0.0
"Linear(in=768, out=768)",mlx,metal,False,64,512,6.17447083350271,6.17447083350271,0.0
"Linear(in=768, out=768)",mlx,metal,True,64,512,6.70455833314918,6.70455833314918,0.0
"MHSA(dim=768, num_heads=1)",torch,mps,False,64,512,39.568530566854555,39.568530566854555,0.0
"MHSA(dim=768, num_heads=1)",mlx,metal,False,64,512,32.994238899846096,32.994238899846096,0.0
"MHSA(dim=768, num_heads=1)",mlx,metal,True,64,512,35.54231529997196,35.54231529997196,0.0
"MHSA(dim=768, num_heads=8)",torch,mps,False,64,512,47.292984733455036,47.292984733455036,0.0
"MHSA(dim=768, num_heads=8)",mlx,metal,False,64,512,39.69858056661906,39.69858056661906,0.0
"MHSA(dim=768, num_heads=8)",mlx,metal,True,64,512,42.30162363334481,42.30162363334481,0.0
"TransformerEncoderLayer(dim=768, num_heads=8, mask=None)",torch,mps,False,64,512,109.32941250018,109.32941250018,0.0
"TransformerEncoderLayer(dim=768, num_heads=8, mask=None)",mlx,metal,False,64,512,93.42658613313688,93.42658613313688,0.0
"TransformerEncoderLayer(dim=768, num_heads=8, mask=None)",mlx,metal,True,64,512,101.928320833152,101.928320833152,0.0
"TransformerEncoderLayer(dim=768, num_heads=8, mask=causal)",torch,mps,False,64,512,110.35436530025133,110.35436530025133,0.0
"TransformerEncoderLayer(dim=768, num_heads=8, mask=causal)",mlx,metal,False,64,512,97.89529306678257,97.89529306678257,0.0
"TransformerEncoderLayer(dim=768, num_heads=8, mask=causal)",mlx,metal,True,64,512,102.38672359992051,102.38672359992051,0.0
"TransformerDecoderLayer(dim=768, num_heads=8, mask=None)",torch,mps,False,64,512,163.18918749990794,163.18918749990794,0.0
"TransformerDecoderLayer(dim=768, num_heads=8, mask=None)",mlx,metal,False,64,512,136.27098333333075,136.27098333333075,0.0
"TransformerDecoderLayer(dim=768, num_heads=8, mask=None)",mlx,metal,True,64,512,148.22048333347388,148.22048333347388,0.0
"TransformerDecoderLayer(dim=768, num_heads=8, mask=causal)",torch,mps,False,64,512,163.58782360039186,163.58782360039186,0.0
"TransformerDecoderLayer(dim=768, num_heads=8, mask=causal)",mlx,metal,False,64,512,139.75669723343648,139.75669723343648,0.0
"TransformerDecoderLayer(dim=768, num_heads=8, mask=causal)",mlx,metal,True,64,512,148.51556666690158,148.51556666690158,0.0
LayerNorm(dim=768),torch,mps,False,64,256,1.804870833196522,1.804870833196522,0.0
LayerNorm(dim=768),mlx,metal,False,64,256,0.6570888998491379,0.6570888998491379,0.0
LayerNorm(dim=768),mlx,metal,True,64,256,0.574648600013461,0.574648600013461,0.0
"Linear(in=768, out=768)",torch,mps,False,64,256,3.396862499842731,3.396862499842731,0.0
"Linear(in=768, out=768)",mlx,metal,False,64,256,3.177125000123245,3.177125000123245,0.0
"Linear(in=768, out=768)",mlx,metal,True,64,256,3.489973599789664,3.489973599789664,0.0
"MHSA(dim=768, num_heads=1)",torch,mps,False,64,256,17.990279166648786,17.990279166648786,0.0
"MHSA(dim=768, num_heads=1)",mlx,metal,False,64,256,14.605127766844817,14.605127766844817,0.0
"MHSA(dim=768, num_heads=1)",mlx,metal,True,64,256,16.079411133250687,16.079411133250687,0.0
"MHSA(dim=768, num_heads=8)",torch,mps,False,64,256,20.004152800053514,20.004152800053514,0.0
"MHSA(dim=768, num_heads=8)",mlx,metal,False,64,256,16.774990266518824,16.774990266518824,0.0
"MHSA(dim=768, num_heads=8)",mlx,metal,True,64,256,18.13792083315396,18.13792083315396,0.0
"TransformerEncoderLayer(dim=768, num_heads=8, mask=None)",torch,mps,False,64,256,51.121836099870656,51.121836099870656,0.0
"TransformerEncoderLayer(dim=768, num_heads=8, mask=None)",mlx,metal,False,64,256,43.84705833363114,43.84705833363114,0.0
"TransformerEncoderLayer(dim=768, num_heads=8, mask=None)",mlx,metal,True,64,256,47.135588899739865,47.135588899739865,0.0
"TransformerEncoderLayer(dim=768, num_heads=8, mask=causal)",torch,mps,False,64,256,51.058098600090794,51.058098600090794,0.0
"TransformerEncoderLayer(dim=768, num_heads=8, mask=causal)",mlx,metal,False,64,256,45.11665416697118,45.11665416697118,0.0
"TransformerEncoderLayer(dim=768, num_heads=8, mask=causal)",mlx,metal,True,64,256,46.94754030012215,46.94754030012215,0.0
"TransformerDecoderLayer(dim=768, num_heads=8, mask=None)",torch,mps,False,64,256,72.55719443346607,72.55719443346607,0.0
"TransformerDecoderLayer(dim=768, num_heads=8, mask=None)",mlx,metal,False,64,256,61.442823599888165,61.442823599888165,0.0
"TransformerDecoderLayer(dim=768, num_heads=8, mask=None)",mlx,metal,True,64,256,66.15287916647503,66.15287916647503,0.0
"TransformerDecoderLayer(dim=768, num_heads=8, mask=causal)",torch,mps,False,64,256,72.21558333355158,72.21558333355158,0.0
"TransformerDecoderLayer(dim=768, num_heads=8, mask=causal)",mlx,metal,False,64,256,62.708595833100844,62.708595833100844,0.0
"TransformerDecoderLayer(dim=768, num_heads=8, mask=causal)",mlx,metal,True,64,256,65.73095556668704,65.73095556668704,0.0
LayerNorm(dim=768),torch,mps,False,64,128,1.8744958331808448,1.8744958331808448,0.0
LayerNorm(dim=768),mlx,metal,False,64,128,0.42509583339172724,0.42509583339172724,0.0
LayerNorm(dim=768),mlx,metal,True,64,128,0.3758180668228306,0.3758180668228306,0.0
"Linear(in=768, out=768)",torch,mps,False,64,128,1.815770833248583,1.815770833248583,0.0
"Linear(in=768, out=768)",mlx,metal,False,64,128,1.6463347332319245,1.6463347332319245,0.0
"Linear(in=768, out=768)",mlx,metal,True,64,128,1.8426166667874593,1.8426166667874593,0.0
"MHSA(dim=768, num_heads=1)",torch,mps,False,64,128,8.710093066232124,8.710093066232124,0.0
"MHSA(dim=768, num_heads=1)",mlx,metal,False,64,128,6.987116666762934,6.987116666762934,0.0
"MHSA(dim=768, num_heads=1)",mlx,metal,True,64,128,7.760331933483637,7.760331933483637,0.0
"MHSA(dim=768, num_heads=8)",torch,mps,False,64,128,9.376666666745828,9.376666666745828,0.0
"MHSA(dim=768, num_heads=8)",mlx,metal,False,64,128,7.706674999887279,7.706674999887279,0.0
"MHSA(dim=768, num_heads=8)",mlx,metal,True,64,128,8.428963866996734,8.428963866996734,0.0
"TransformerEncoderLayer(dim=768, num_heads=8, mask=None)",torch,mps,False,64,128,25.13026389982163,25.13026389982163,0.0
"TransformerEncoderLayer(dim=768, num_heads=8, mask=None)",mlx,metal,False,64,128,21.09957499972855,21.09957499972855,0.0
"TransformerEncoderLayer(dim=768, num_heads=8, mask=None)",mlx,metal,True,64,128,22.461409733417288,22.461409733417288,0.0
"TransformerEncoderLayer(dim=768, num_heads=8, mask=causal)",torch,mps,False,64,128,24.90195416661057,24.90195416661057,0.0
"TransformerEncoderLayer(dim=768, num_heads=8, mask=causal)",mlx,metal,False,64,128,21.348252766377602,21.348252766377602,0.0
"TransformerEncoderLayer(dim=768, num_heads=8, mask=causal)",mlx,metal,True,64,128,22.79205556648473,22.79205556648473,0.0
"TransformerDecoderLayer(dim=768, num_heads=8, mask=None)",torch,mps,False,64,128,35.43259026676727,35.43259026676727,0.0
"TransformerDecoderLayer(dim=768, num_heads=8, mask=None)",mlx,metal,False,64,128,30.046436099898227,30.046436099898227,0.0
"TransformerDecoderLayer(dim=768, num_heads=8, mask=None)",mlx,metal,True,64,128,31.220988866698463,31.220988866698463,0.0
"TransformerDecoderLayer(dim=768, num_heads=8, mask=causal)",torch,mps,False,64,128,34.98094306657246,34.98094306657246,0.0
"TransformerDecoderLayer(dim=768, num_heads=8, mask=causal)",mlx,metal,False,64,128,29.848966667001758,29.848966667001758,0.0
"TransformerDecoderLayer(dim=768, num_heads=8, mask=causal)",mlx,metal,True,64,128,31.05000696668867,31.05000696668867,0.0
LayerNorm(dim=768),torch,mps,False,64,64,1.0317861335352063,1.0317861335352063,0.0
LayerNorm(dim=768),mlx,metal,False,64,64,0.39966249993691844,0.39966249993691844,0.0
LayerNorm(dim=768),mlx,metal,True,64,64,0.3268472336155052,0.3268472336155052,0.0
"Linear(in=768, out=768)",torch,mps,False,64,64,1.1419028000091203,1.1419028000091203,0.0
"Linear(in=768, out=768)",mlx,metal,False,64,64,0.9388611001971489,0.9388611001971489,0.0
"Linear(in=768, out=768)",mlx,metal,True,64,64,1.0349277668865398,1.0349277668865398,0.0
"MHSA(dim=768, num_heads=1)",torch,mps,False,64,64,4.547494433548612,4.547494433548612,0.0
"MHSA(dim=768, num_heads=1)",mlx,metal,False,64,64,3.543427766514166,3.543427766514166,0.0
"MHSA(dim=768, num_heads=1)",mlx,metal,True,64,64,4.070418066597388,4.070418066597388,0.0
"MHSA(dim=768, num_heads=8)",torch,mps,False,64,64,4.698680566313366,4.698680566313366,0.0
"MHSA(dim=768, num_heads=8)",mlx,metal,False,64,64,3.861016666633077,3.861016666633077,0.0
"MHSA(dim=768, num_heads=8)",mlx,metal,True,64,64,4.334977766848169,4.334977766848169,0.0
"TransformerEncoderLayer(dim=768, num_heads=8, mask=None)",torch,mps,False,64,64,12.226241666454976,12.226241666454976,0.0
"TransformerEncoderLayer(dim=768, num_heads=8, mask=None)",mlx,metal,False,64,64,10.710676400049124,10.710676400049124,0.0
"TransformerEncoderLayer(dim=768, num_heads=8, mask=None)",mlx,metal,True,64,64,11.481725000097262,11.481725000097262,0.0
"TransformerEncoderLayer(dim=768, num_heads=8, mask=causal)",torch,mps,False,64,64,12.121584700071253,12.121584700071253,0.0
"TransformerEncoderLayer(dim=768, num_heads=8, mask=causal)",mlx,metal,False,64,64,10.682850000254499,10.682850000254499,0.0
"TransformerEncoderLayer(dim=768, num_heads=8, mask=causal)",mlx,metal,True,64,64,11.46302499982994,11.46302499982994,0.0
"TransformerDecoderLayer(dim=768, num_heads=8, mask=None)",torch,mps,False,64,64,16.77309999989423,16.77309999989423,0.0
"TransformerDecoderLayer(dim=768, num_heads=8, mask=None)",mlx,metal,False,64,64,14.509402799982732,14.509402799982732,0.0
"TransformerDecoderLayer(dim=768, num_heads=8, mask=None)",mlx,metal,True,64,64,15.402793066459708,15.402793066459708,0.0
"TransformerDecoderLayer(dim=768, num_heads=8, mask=causal)",torch,mps,False,64,64,16.53631390023899,16.53631390023899,0.0
"TransformerDecoderLayer(dim=768, num_heads=8, mask=causal)",mlx,metal,False,64,64,14.54609026647328,14.54609026647328,0.0
"TransformerDecoderLayer(dim=768, num_heads=8, mask=causal)",mlx,metal,True,64,64,15.484380533356065,15.484380533356065,0.0
LayerNorm(dim=768),torch,mps,False,32,512,1.6340916665891807,1.6340916665891807,0.0
LayerNorm(dim=768),mlx,metal,False,32,512,0.5679889000020921,0.5679889000020921,0.0
LayerNorm(dim=768),mlx,metal,True,32,512,0.5514194335167607,0.5514194335167607,0.0
"Linear(in=768, out=768)",torch,mps,False,32,512,3.3514791667888253,3.3514791667888253,0.0
"Linear(in=768, out=768)",mlx,metal,False,32,512,3.175002766753702,3.175002766753702,0.0
"Linear(in=768, out=768)",mlx,metal,True,32,512,3.4902055665346174,3.4902055665346174,0.0
"MHSA(dim=768, num_heads=1)",torch,mps,False,32,512,21.91613193329734,21.91613193329734,0.0
"MHSA(dim=768, num_heads=1)",mlx,metal,False,32,512,16.805741666757967,16.805741666757967,0.0
"MHSA(dim=768, num_heads=1)",mlx,metal,True,32,512,17.992201366481215,17.992201366481215,0.0
"MHSA(dim=768, num_heads=8)",torch,mps,False,32,512,26.09854166706403,26.09854166706403,0.0
"MHSA(dim=768, num_heads=8)",mlx,metal,False,32,512,20.106704166876927,20.106704166876927,0.0
"MHSA(dim=768, num_heads=8)",mlx,metal,True,32,512,21.54891666674909,21.54891666674909,0.0
"TransformerEncoderLayer(dim=768, num_heads=8, mask=None)",torch,mps,False,32,512,57.29430279995237,57.29430279995237,0.0
"TransformerEncoderLayer(dim=768, num_heads=8, mask=None)",mlx,metal,False,32,512,47.221288900376145,47.221288900376145,0.0
"TransformerEncoderLayer(dim=768, num_heads=8, mask=None)",mlx,metal,True,32,512,51.30735693334524,51.30735693334524,0.0
"TransformerEncoderLayer(dim=768, num_heads=8, mask=causal)",torch,mps,False,32,512,57.60600556677673,57.60600556677673,0.0
"TransformerEncoderLayer(dim=768, num_heads=8, mask=causal)",mlx,metal,False,32,512,49.65058056647346,49.65058056647346,0.0
"TransformerEncoderLayer(dim=768, num_heads=8, mask=causal)",mlx,metal,True,32,512,51.52446249994682,51.52446249994682,0.0
"TransformerDecoderLayer(dim=768, num_heads=8, mask=None)",torch,mps,False,32,512,86.31727363341876,86.31727363341876,0.0
"TransformerDecoderLayer(dim=768, num_heads=8, mask=None)",mlx,metal,False,32,512,68.71795833333938,68.71795833333938,0.0
"TransformerDecoderLayer(dim=768, num_heads=8, mask=None)",mlx,metal,True,32,512,75.01180973340524,75.01180973340524,0.0
"TransformerDecoderLayer(dim=768, num_heads=8, mask=causal)",torch,mps,False,32,512,86.38554583352136,86.38554583352136,0.0
"TransformerDecoderLayer(dim=768, num_heads=8, mask=causal)",mlx,metal,False,32,512,70.62898196697158,70.62898196697158,0.0
"TransformerDecoderLayer(dim=768, num_heads=8, mask=causal)",mlx,metal,True,32,512,74.29306110037335,74.29306110037335,0.0
LayerNorm(dim=768),torch,mps,False,32,256,1.6887194331502542,1.6887194331502542,0.0
LayerNorm(dim=768),mlx,metal,False,32,256,0.6287208331438402,0.6287208331438402,0.0
LayerNorm(dim=768),mlx,metal,True,32,256,0.43047499978759635,0.43047499978759635,0.0
"Linear(in=768, out=768)",torch,mps,False,32,256,1.8084333336446434,1.8084333336446434,0.0
"Linear(in=768, out=768)",mlx,metal,False,32,256,1.6351513666450046,1.6351513666450046,0.0
"Linear(in=768, out=768)",mlx,metal,True,32,256,1.8469375000374082,1.8469375000374082,0.0
"MHSA(dim=768, num_heads=1)",torch,mps,False,32,256,10.064694433337232,10.064694433337232,0.0
"MHSA(dim=768, num_heads=1)",mlx,metal,False,32,256,7.427034699746097,7.427034699746097,0.0
"MHSA(dim=768, num_heads=1)",mlx,metal,True,32,256,8.184951400229087,8.184951400229087,0.0
"MHSA(dim=768, num_heads=8)",torch,mps,False,32,256,11.30841803290726,11.30841803290726,0.0
"MHSA(dim=768, num_heads=8)",mlx,metal,False,32,256,8.530741666618269,8.530741666618269,0.0
"MHSA(dim=768, num_heads=8)",mlx,metal,True,32,256,9.400323599887392,9.400323599887392,0.0
"TransformerEncoderLayer(dim=768, num_heads=8, mask=None)",torch,mps,False,32,256,27.06930696682927,27.06930696682927,0.0
"TransformerEncoderLayer(dim=768, num_heads=8, mask=None)",mlx,metal,False,32,256,22.070962499613717,22.070962499613717,0.0
"TransformerEncoderLayer(dim=768, num_heads=8, mask=None)",mlx,metal,True,32,256,23.602845833132353,23.602845833132353,0.0
"TransformerEncoderLayer(dim=768, num_heads=8, mask=causal)",torch,mps,False,32,256,26.430358333163895,26.430358333163895,0.0
"TransformerEncoderLayer(dim=768, num_heads=8, mask=causal)",mlx,metal,False,32,256,22.726568066476222,22.726568066476222,0.0
"TransformerEncoderLayer(dim=768, num_heads=8, mask=causal)",mlx,metal,True,32,256,24.301940300210845,24.301940300210845,0.0
"TransformerDecoderLayer(dim=768, num_heads=8, mask=None)",torch,mps,False,32,256,38.00997639967439,38.00997639967439,0.0
"TransformerDecoderLayer(dim=768, num_heads=8, mask=None)",mlx,metal,False,32,256,30.887350000072427,30.887350000072427,0.0
"TransformerDecoderLayer(dim=768, num_heads=8, mask=None)",mlx,metal,True,32,256,33.36024719998628,33.36024719998628,0.0
"TransformerDecoderLayer(dim=768, num_heads=8, mask=causal)",torch,mps,False,32,256,38.61775696665669,38.61775696665669,0.0
"TransformerDecoderLayer(dim=768, num_heads=8, mask=causal)",mlx,metal,False,32,256,31.491648599815864,31.491648599815864,0.0
"TransformerDecoderLayer(dim=768, num_heads=8, mask=causal)",mlx,metal,True,32,256,33.679061099731676,33.679061099731676,0.0
LayerNorm(dim=768),torch,mps,False,32,128,1.213677799872433,1.213677799872433,0.0
LayerNorm(dim=768),mlx,metal,False,32,128,0.6385903000288332,0.6385903000288332,0.0
LayerNorm(dim=768),mlx,metal,True,32,128,0.35323473372651887,0.35323473372651887,0.0
"Linear(in=768, out=768)",torch,mps,False,32,128,1.014934699924197,1.014934699924197,0.0
"Linear(in=768, out=768)",mlx,metal,False,32,128,1.0120611332240514,1.0120611332240514,0.0
"Linear(in=768, out=768)",mlx,metal,True,32,128,1.015623633187109,1.015623633187109,0.0
"MHSA(dim=768, num_heads=1)",torch,mps,False,32,128,5.067834699972688,5.067834699972688,0.0
"MHSA(dim=768, num_heads=1)",mlx,metal,False,32,128,3.6344541663614414,3.6344541663614414,0.0
"MHSA(dim=768, num_heads=1)",mlx,metal,True,32,128,4.124777766992338,4.124777766992338,0.0
"MHSA(dim=768, num_heads=8)",torch,mps,False,32,128,5.4259097334579565,5.4259097334579565,0.0
"MHSA(dim=768, num_heads=8)",mlx,metal,False,32,128,3.95498193295983,3.95498193295983,0.0
"MHSA(dim=768, num_heads=8)",mlx,metal,True,32,128,4.4704111001919955,4.4704111001919955,0.0
"TransformerEncoderLayer(dim=768, num_heads=8, mask=None)",torch,mps,False,32,128,12.972936099686194,12.972936099686194,0.0
"TransformerEncoderLayer(dim=768, num_heads=8, mask=None)",mlx,metal,False,32,128,10.713745833587987,10.713745833587987,0.0
"TransformerEncoderLayer(dim=768, num_heads=8, mask=None)",mlx,metal,True,32,128,11.800595833240854,11.800595833240854,0.0
"TransformerEncoderLayer(dim=768, num_heads=8, mask=causal)",torch,mps,False,32,128,12.797229166608304,12.797229166608304,0.0
"TransformerEncoderLayer(dim=768, num_heads=8, mask=causal)",mlx,metal,False,32,128,10.80617223342415,10.80617223342415,0.0
"TransformerEncoderLayer(dim=768, num_heads=8, mask=causal)",mlx,metal,True,32,128,11.607055533386301,11.607055533386301,0.0
"TransformerDecoderLayer(dim=768, num_heads=8, mask=None)",torch,mps,False,32,128,18.40360553372496,18.40360553372496,0.0
"TransformerDecoderLayer(dim=768, num_heads=8, mask=None)",mlx,metal,False,32,128,14.831873633374926,14.831873633374926,0.0
"TransformerDecoderLayer(dim=768, num_heads=8, mask=None)",mlx,metal,True,32,128,15.86253750040972,15.86253750040972,0.0
"TransformerDecoderLayer(dim=768, num_heads=8, mask=causal)",torch,mps,False,32,128,18.347387499913264,18.347387499913264,0.0
"TransformerDecoderLayer(dim=768, num_heads=8, mask=causal)",mlx,metal,False,32,128,14.882430533180013,14.882430533180013,0.0
"TransformerDecoderLayer(dim=768, num_heads=8, mask=causal)",mlx,metal,True,32,128,15.948090266707974,15.948090266707974,0.0
LayerNorm(dim=768),torch,mps,False,32,64,0.548484699781208,0.548484699781208,0.0
LayerNorm(dim=768),mlx,metal,False,32,64,0.229693066891438,0.229693066891438,0.0
LayerNorm(dim=768),mlx,metal,True,32,64,0.22639306650186578,0.22639306650186578,0.0
"Linear(in=768, out=768)",torch,mps,False,32,64,0.6380500000280639,0.6380500000280639,0.0
"Linear(in=768, out=768)",mlx,metal,False,32,64,0.5514125000142182,0.5514125000142182,0.0
"Linear(in=768, out=768)",mlx,metal,True,32,64,0.6659305664167429,0.6659305664167429,0.0
"MHSA(dim=768, num_heads=1)",torch,mps,False,32,64,2.8952972332869344,2.8952972332869344,0.0
"MHSA(dim=768, num_heads=1)",mlx,metal,False,32,64,1.8743930336010333,1.8743930336010333,0.0
"MHSA(dim=768, num_heads=1)",mlx,metal,True,32,64,2.2909472332685255,2.2909472332685255,0.0
"MHSA(dim=768, num_heads=8)",torch,mps,False,32,64,3.24350136652356,3.24350136652356,0.0
"MHSA(dim=768, num_heads=8)",mlx,metal,False,32,64,1.9799805663448449,1.9799805663448449,0.0
"MHSA(dim=768, num_heads=8)",mlx,metal,True,32,64,2.3872291664398895,2.3872291664398895,0.0
"TransformerEncoderLayer(dim=768, num_heads=8, mask=None)",torch,mps,False,32,64,6.818256933183875,6.818256933183875,0.0
"TransformerEncoderLayer(dim=768, num_heads=8, mask=None)",mlx,metal,False,32,64,5.534730533448358,5.534730533448358,0.0
"TransformerEncoderLayer(dim=768, num_heads=8, mask=None)",mlx,metal,True,32,64,6.081754167098552,6.081754167098552,0.0
"TransformerEncoderLayer(dim=768, num_heads=8, mask=causal)",torch,mps,False,32,64,6.50657359995724,6.50657359995724,0.0
"TransformerEncoderLayer(dim=768, num_heads=8, mask=causal)",mlx,metal,False,32,64,5.502436100020229,5.502436100020229,0.0
"TransformerEncoderLayer(dim=768, num_heads=8, mask=causal)",mlx,metal,True,32,64,6.121075000070657,6.121075000070657,0.0
"TransformerDecoderLayer(dim=768, num_heads=8, mask=None)",torch,mps,False,32,64,9.088654166650182,9.088654166650182,0.0
"TransformerDecoderLayer(dim=768, num_heads=8, mask=None)",mlx,metal,False,32,64,7.465604166888322,7.465604166888322,0.0
"TransformerDecoderLayer(dim=768, num_heads=8, mask=None)",mlx,metal,True,32,64,8.123251399956644,8.123251399956644,0.0
"TransformerDecoderLayer(dim=768, num_heads=8, mask=causal)",torch,mps,False,32,64,9.12428473335846,9.12428473335846,0.0
"TransformerDecoderLayer(dim=768, num_heads=8, mask=causal)",mlx,metal,False,32,64,7.50842776663679,7.50842776663679,0.0
"TransformerDecoderLayer(dim=768, num_heads=8, mask=causal)",mlx,metal,True,32,64,8.178769433288835,8.178769433288835,0.0
LayerNorm(dim=768),torch,mps,False,16,512,0.9872152664077779,0.9872152664077779,0.0
LayerNorm(dim=768),mlx,metal,False,16,512,0.3536958329884025,0.3536958329884025,0.0
LayerNorm(dim=768),mlx,metal,True,16,512,0.3447208335273899,0.3447208335273899,0.0
"Linear(in=768, out=768)",torch,mps,False,16,512,1.8190180664532818,1.8190180664532818,0.0
"Linear(in=768, out=768)",mlx,metal,False,16,512,1.6824291669763625,1.6824291669763625,0.0
"Linear(in=768, out=768)",mlx,metal,True,16,512,1.8789763998938724,1.8789763998938724,0.0
"MHSA(dim=768, num_heads=1)",torch,mps,False,16,512,11.43369306664681,11.43369306664681,0.0
"MHSA(dim=768, num_heads=1)",mlx,metal,False,16,512,8.444854166494528,8.444854166494528,0.0
"MHSA(dim=768, num_heads=1)",mlx,metal,True,16,512,9.29144723340869,9.29144723340869,0.0
"MHSA(dim=768, num_heads=8)",torch,mps,False,16,512,13.278052766690962,13.278052766690962,0.0
"MHSA(dim=768, num_heads=8)",mlx,metal,False,16,512,10.351670833188109,10.351670833188109,0.0
"MHSA(dim=768, num_heads=8)",mlx,metal,True,16,512,10.997712499617288,10.997712499617288,0.0
"TransformerEncoderLayer(dim=768, num_heads=8, mask=None)",torch,mps,False,16,512,29.389294466818683,29.389294466818683,0.0
"TransformerEncoderLayer(dim=768, num_heads=8, mask=None)",mlx,metal,False,16,512,23.818466666853055,23.818466666853055,0.0
"TransformerEncoderLayer(dim=768, num_heads=8, mask=None)",mlx,metal,True,16,512,26.432163899880834,26.432163899880834,0.0
"TransformerEncoderLayer(dim=768, num_heads=8, mask=causal)",torch,mps,False,16,512,28.793622199737,28.793622199737,0.0
"TransformerEncoderLayer(dim=768, num_heads=8, mask=causal)",mlx,metal,False,16,512,24.988100000094466,24.988100000094466,0.0
"TransformerEncoderLayer(dim=768, num_heads=8, mask=causal)",mlx,metal,True,16,512,26.384320833312813,26.384320833312813,0.0
"TransformerDecoderLayer(dim=768, num_heads=8, mask=None)",torch,mps,False,16,512,43.00988886631482,43.00988886631482,0.0
"TransformerDecoderLayer(dim=768, num_heads=8, mask=None)",mlx,metal,False,16,512,34.77432083309395,34.77432083309395,0.0
"TransformerDecoderLayer(dim=768, num_heads=8, mask=None)",mlx,metal,True,16,512,37.55229443340795,37.55229443340795,0.0
"TransformerDecoderLayer(dim=768, num_heads=8, mask=causal)",torch,mps,False,16,512,42.71614720006861,42.71614720006861,0.0
"TransformerDecoderLayer(dim=768, num_heads=8, mask=causal)",mlx,metal,False,16,512,35.19962916664857,35.19962916664857,0.0
"TransformerDecoderLayer(dim=768, num_heads=8, mask=causal)",mlx,metal,True,16,512,37.493620833265595,37.493620833265595,0.0
LayerNorm(dim=768),torch,mps,False,16,256,1.3585902668031242,1.3585902668031242,0.0
LayerNorm(dim=768),mlx,metal,False,16,256,0.6514833333009543,0.6514833333009543,0.0
LayerNorm(dim=768),mlx,metal,True,16,256,0.30715973310482997,0.30715973310482997,0.0
"Linear(in=768, out=768)",torch,mps,False,16,256,1.0730277664454964,1.0730277664454964,0.0
"Linear(in=768, out=768)",mlx,metal,False,16,256,0.9185305670447027,0.9185305670447027,0.0
"Linear(in=768, out=768)",mlx,metal,True,16,256,1.0475777666821766,1.0475777666821766,0.0
"MHSA(dim=768, num_heads=1)",torch,mps,False,16,256,5.294811133353505,5.294811133353505,0.0
"MHSA(dim=768, num_heads=1)",mlx,metal,False,16,256,3.850883333264695,3.850883333264695,0.0
"MHSA(dim=768, num_heads=1)",mlx,metal,True,16,256,4.368940299900714,4.368940299900714,0.0
"MHSA(dim=768, num_heads=8)",torch,mps,False,16,256,5.804702800135904,5.804702800135904,0.0
"MHSA(dim=768, num_heads=8)",mlx,metal,False,16,256,4.345009733515326,4.345009733515326,0.0
"MHSA(dim=768, num_heads=8)",mlx,metal,True,16,256,4.875891666839986,4.875891666839986,0.0
"TransformerEncoderLayer(dim=768, num_heads=8, mask=None)",torch,mps,False,16,256,13.33105000036691,13.33105000036691,0.0
"TransformerEncoderLayer(dim=768, num_heads=8, mask=None)",mlx,metal,False,16,256,11.17512779989435,11.17512779989435,0.0
"TransformerEncoderLayer(dim=768, num_heads=8, mask=None)",mlx,metal,True,16,256,12.095131933165248,12.095131933165248,0.0
"TransformerEncoderLayer(dim=768, num_heads=8, mask=causal)",torch,mps,False,16,256,13.348629167012405,13.348629167012405,0.0
"TransformerEncoderLayer(dim=768, num_heads=8, mask=causal)",mlx,metal,False,16,256,11.384718033271687,11.384718033271687,0.0
"TransformerEncoderLayer(dim=768, num_heads=8, mask=causal)",mlx,metal,True,16,256,12.097366666906359,12.097366666906359,0.0
"TransformerDecoderLayer(dim=768, num_heads=8, mask=None)",torch,mps,False,16,256,19.172930566613406,19.172930566613406,0.0
"TransformerDecoderLayer(dim=768, num_heads=8, mask=None)",mlx,metal,False,16,256,15.90661946684122,15.90661946684122,0.0
"TransformerDecoderLayer(dim=768, num_heads=8, mask=None)",mlx,metal,True,16,256,17.053702766619,17.053702766619,0.0
"TransformerDecoderLayer(dim=768, num_heads=8, mask=causal)",torch,mps,False,16,256,19.232751366507728,19.232751366507728,0.0
"TransformerDecoderLayer(dim=768, num_heads=8, mask=causal)",mlx,metal,False,16,256,15.891416666757626,15.891416666757626,0.0
"TransformerDecoderLayer(dim=768, num_heads=8, mask=causal)",mlx,metal,True,16,256,17.106705566887587,17.106705566887587,0.0
LayerNorm(dim=768),torch,mps,False,16,128,0.6053472335527962,0.6053472335527962,0.0
LayerNorm(dim=768),mlx,metal,False,16,128,0.24019166691383967,0.24019166691383967,0.0
LayerNorm(dim=768),mlx,metal,True,16,128,0.24045973307996368,0.24045973307996368,0.0
"Linear(in=768, out=768)",torch,mps,False,16,128,0.6459583334314326,0.6459583334314326,0.0
"Linear(in=768, out=768)",mlx,metal,False,16,128,0.5761500001729777,0.5761500001729777,0.0
"Linear(in=768, out=768)",mlx,metal,True,16,128,0.7105763996757256,0.7105763996757256,0.0
"MHSA(dim=768, num_heads=1)",torch,mps,False,16,128,2.936580566650567,2.936580566650567,0.0
"MHSA(dim=768, num_heads=1)",mlx,metal,False,16,128,1.9278083331300877,1.9278083331300877,0.0
"MHSA(dim=768, num_heads=1)",mlx,metal,True,16,128,2.3169222331489436,2.3169222331489436,0.0
"MHSA(dim=768, num_heads=8)",torch,mps,False,16,128,3.325662499992177,3.325662499992177,0.0
"MHSA(dim=768, num_heads=8)",mlx,metal,False,16,128,2.0515527998213656,2.0515527998213656,0.0
"MHSA(dim=768, num_heads=8)",mlx,metal,True,16,128,2.4753875002109758,2.4753875002109758,0.0
"TransformerEncoderLayer(dim=768, num_heads=8, mask=None)",torch,mps,False,16,128,6.608022233316054,6.608022233316054,0.0
"TransformerEncoderLayer(dim=768, num_heads=8, mask=None)",mlx,metal,False,16,128,5.528858333127573,5.528858333127573,0.0
"TransformerEncoderLayer(dim=768, num_heads=8, mask=None)",mlx,metal,True,16,128,6.178265266741316,6.178265266741316,0.0
"TransformerEncoderLayer(dim=768, num_heads=8, mask=causal)",torch,mps,False,16,128,6.6610180666126935,6.6610180666126935,0.0
"TransformerEncoderLayer(dim=768, num_heads=8, mask=causal)",mlx,metal,False,16,128,5.5858180664169295,5.5858180664169295,0.0
"TransformerEncoderLayer(dim=768, num_heads=8, mask=causal)",mlx,metal,True,16,128,6.158362499748667,6.158362499748667,0.0
"TransformerDecoderLayer(dim=768, num_heads=8, mask=None)",torch,mps,False,16,128,9.578018066531513,9.578018066531513,0.0
"TransformerDecoderLayer(dim=768, num_heads=8, mask=None)",mlx,metal,False,16,128,7.6152263999877805,7.6152263999877805,0.0
"TransformerDecoderLayer(dim=768, num_heads=8, mask=None)",mlx,metal,True,16,128,8.499004166515078,8.499004166515078,0.0
"TransformerDecoderLayer(dim=768, num_heads=8, mask=causal)",torch,mps,False,16,128,9.317990266814983,9.317990266814983,0.0
"TransformerDecoderLayer(dim=768, num_heads=8, mask=causal)",mlx,metal,False,16,128,7.674884733084279,7.674884733084279,0.0
"TransformerDecoderLayer(dim=768, num_heads=8, mask=causal)",mlx,metal,True,16,128,8.283555566352637,8.283555566352637,0.0
LayerNorm(dim=768),torch,mps,False,16,64,0.48429306674127776,0.48429306674127776,0.0
LayerNorm(dim=768),mlx,metal,False,16,64,0.200677799875848,0.200677799875848,0.0
LayerNorm(dim=768),mlx,metal,True,16,64,0.19908890002019083,0.19908890002019083,0.0
"Linear(in=768, out=768)",torch,mps,False,16,64,0.4500625000218861,0.4500625000218861,0.0
"Linear(in=768, out=768)",mlx,metal,False,16,64,0.37980000003396225,0.37980000003396225,0.0
"Linear(in=768, out=768)",mlx,metal,True,16,64,0.47056389982268837,0.47056389982268837,0.0
"MHSA(dim=768, num_heads=1)",torch,mps,False,16,64,1.7199916668081034,1.7199916668081034,0.0
"MHSA(dim=768, num_heads=1)",mlx,metal,False,16,64,1.1326277997189511,1.1326277997189511,0.0
"MHSA(dim=768, num_heads=1)",mlx,metal,True,16,64,1.4254486333811656,1.4254486333811656,0.0
"MHSA(dim=768, num_heads=8)",torch,mps,False,16,64,1.615013900057723,1.615013900057723,0.0
"MHSA(dim=768, num_heads=8)",mlx,metal,False,16,64,1.1597153003094718,1.1597153003094718,0.0
"MHSA(dim=768, num_heads=8)",mlx,metal,True,16,64,1.440784699904422,1.440784699904422,0.0
"TransformerEncoderLayer(dim=768, num_heads=8, mask=None)",torch,mps,False,16,64,3.4305125004417882,3.4305125004417882,0.0
"TransformerEncoderLayer(dim=768, num_heads=8, mask=None)",mlx,metal,False,16,64,2.8891430663255355,2.8891430663255355,0.0
"TransformerEncoderLayer(dim=768, num_heads=8, mask=None)",mlx,metal,True,16,64,3.4162625001044944,3.4162625001044944,0.0
"TransformerEncoderLayer(dim=768, num_heads=8, mask=causal)",torch,mps,False,16,64,3.478036133067993,3.478036133067993,0.0
"TransformerEncoderLayer(dim=768, num_heads=8, mask=causal)",mlx,metal,False,16,64,2.9033194330016463,2.9033194330016463,0.0
"TransformerEncoderLayer(dim=768, num_heads=8, mask=causal)",mlx,metal,True,16,64,3.3979416664806195,3.3979416664806195,0.0
"TransformerDecoderLayer(dim=768, num_heads=8, mask=None)",torch,mps,False,16,64,4.759477800204574,4.759477800204574,0.0
"TransformerDecoderLayer(dim=768, num_heads=8, mask=None)",mlx,metal,False,16,64,3.9756125004108376,3.9756125004108376,0.0
"TransformerDecoderLayer(dim=768, num_heads=8, mask=None)",mlx,metal,True,16,64,4.545872200105805,4.545872200105805,0.0
"TransformerDecoderLayer(dim=768, num_heads=8, mask=causal)",torch,mps,False,16,64,5.750395833456423,5.750395833456423,0.0
"TransformerDecoderLayer(dim=768, num_heads=8, mask=causal)",mlx,metal,False,16,64,3.992769433534704,3.992769433534704,0.0
"TransformerDecoderLayer(dim=768, num_heads=8, mask=causal)",mlx,metal,True,16,64,4.530934733338654,4.530934733338654,0.0
LayerNorm(dim=768),torch,mps,False,8,512,0.6356916666845791,0.6356916666845791,0.0
LayerNorm(dim=768),mlx,metal,False,8,512,0.2692875001230277,0.2692875001230277,0.0
LayerNorm(dim=768),mlx,metal,True,8,512,0.2454208336227263,0.2454208336227263,0.0
"Linear(in=768, out=768)",torch,mps,False,8,512,1.0199805663432926,1.0199805663432926,0.0
"Linear(in=768, out=768)",mlx,metal,False,8,512,0.9014124996610917,0.9014124996610917,0.0
"Linear(in=768, out=768)",mlx,metal,True,8,512,1.0388777664047666,1.0388777664047666,0.0
"MHSA(dim=768, num_heads=1)",torch,mps,False,8,512,5.828668066533282,5.828668066533282,0.0
"MHSA(dim=768, num_heads=1)",mlx,metal,False,8,512,4.373197200281235,4.373197200281235,0.0
"MHSA(dim=768, num_heads=1)",mlx,metal,True,8,512,4.861751400070109,4.861751400070109,0.0
"MHSA(dim=768, num_heads=8)",torch,mps,False,8,512,6.836706933487828,6.836706933487828,0.0
"MHSA(dim=768, num_heads=8)",mlx,metal,False,8,512,5.2113249999820255,5.2113249999820255,0.0
"MHSA(dim=768, num_heads=8)",mlx,metal,True,8,512,5.725475000023532,5.725475000023532,0.0
"TransformerEncoderLayer(dim=768, num_heads=8, mask=None)",torch,mps,False,8,512,14.458820833048472,14.458820833048472,0.0
"TransformerEncoderLayer(dim=768, num_heads=8, mask=None)",mlx,metal,False,8,512,12.121883333020378,12.121883333020378,0.0
"TransformerEncoderLayer(dim=768, num_heads=8, mask=None)",mlx,metal,True,8,512,13.261147200440368,13.261147200440368,0.0
"TransformerEncoderLayer(dim=768, num_heads=8, mask=causal)",torch,mps,False,8,512,14.640341666624105,14.640341666624105,0.0
"TransformerEncoderLayer(dim=768, num_heads=8, mask=causal)",mlx,metal,False,8,512,12.885197233602716,12.885197233602716,0.0
"TransformerEncoderLayer(dim=768, num_heads=8, mask=causal)",mlx,metal,True,8,512,13.546190266788471,13.546190266788471,0.0
"TransformerDecoderLayer(dim=768, num_heads=8, mask=None)",torch,mps,False,8,512,21.477145833099105,21.477145833099105,0.0
"TransformerDecoderLayer(dim=768, num_heads=8, mask=None)",mlx,metal,False,8,512,17.321755533339456,17.321755533339456,0.0
"TransformerDecoderLayer(dim=768, num_heads=8, mask=None)",mlx,metal,True,8,512,19.248597233672626,19.248597233672626,0.0
"TransformerDecoderLayer(dim=768, num_heads=8, mask=causal)",torch,mps,False,8,512,22.17179166667241,22.17179166667241,0.0
"TransformerDecoderLayer(dim=768, num_heads=8, mask=causal)",mlx,metal,False,8,512,17.846301366807893,17.846301366807893,0.0
"TransformerDecoderLayer(dim=768, num_heads=8, mask=causal)",mlx,metal,True,8,512,19.227051399745203,19.227051399745203,0.0
LayerNorm(dim=768),torch,mps,False,8,256,0.4684847333313276,0.4684847333313276,0.0
LayerNorm(dim=768),mlx,metal,False,8,256,0.22240693312293539,0.22240693312293539,0.0
LayerNorm(dim=768),mlx,metal,True,8,256,0.2250833330132688,0.2250833330132688,0.0
"Linear(in=768, out=768)",torch,mps,False,8,256,0.6472847332285406,0.6472847332285406,0.0
"Linear(in=768, out=768)",mlx,metal,False,8,256,0.5846860998038513,0.5846860998038513,0.0
"Linear(in=768, out=768)",mlx,metal,True,8,256,0.6789194332668558,0.6789194332668558,0.0
"MHSA(dim=768, num_heads=1)",torch,mps,False,8,256,3.1878138669223213,3.1878138669223213,0.0
"MHSA(dim=768, num_heads=1)",mlx,metal,False,8,256,2.12659443350276,2.12659443350276,0.0
"MHSA(dim=768, num_heads=1)",mlx,metal,True,8,256,2.4669680332105295,2.4669680332105295,0.0
"MHSA(dim=768, num_heads=8)",torch,mps,False,8,256,3.710781933235315,3.710781933235315,0.0
"MHSA(dim=768, num_heads=8)",mlx,metal,False,8,256,2.261736100384345,2.261736100384345,0.0
"MHSA(dim=768, num_heads=8)",mlx,metal,True,8,256,2.660469466354698,2.660469466354698,0.0
"TransformerEncoderLayer(dim=768, num_heads=8, mask=None)",torch,mps,False,8,256,6.978395832993556,6.978395832993556,0.0
"TransformerEncoderLayer(dim=768, num_heads=8, mask=None)",mlx,metal,False,8,256,5.764797233374945,5.764797233374945,0.0
"TransformerEncoderLayer(dim=768, num_heads=8, mask=None)",mlx,metal,True,8,256,6.60136249983528,6.60136249983528,0.0
"TransformerEncoderLayer(dim=768, num_heads=8, mask=causal)",torch,mps,False,8,256,6.994206966677059,6.994206966677059,0.0
"TransformerEncoderLayer(dim=768, num_heads=8, mask=causal)",mlx,metal,False,8,256,5.840023599739652,5.840023599739652,0.0
"TransformerEncoderLayer(dim=768, num_heads=8, mask=causal)",mlx,metal,True,8,256,6.474562500079628,6.474562500079628,0.0
"TransformerDecoderLayer(dim=768, num_heads=8, mask=None)",torch,mps,False,8,256,9.999466666583126,9.999466666583126,0.0
"TransformerDecoderLayer(dim=768, num_heads=8, mask=None)",mlx,metal,False,8,256,8.060758333400978,8.060758333400978,0.0
"TransformerDecoderLayer(dim=768, num_heads=8, mask=None)",mlx,metal,True,8,256,8.866434733499773,8.866434733499773,0.0
"TransformerDecoderLayer(dim=768, num_heads=8, mask=causal)",torch,mps,False,8,256,9.841262500170464,9.841262500170464,0.0
"TransformerDecoderLayer(dim=768, num_heads=8, mask=causal)",mlx,metal,False,8,256,8.144122199640455,8.144122199640455,0.0
"TransformerDecoderLayer(dim=768, num_heads=8, mask=causal)",mlx,metal,True,8,256,8.857115266922241,8.857115266922241,0.0
LayerNorm(dim=768),torch,mps,False,8,128,0.5306055667460896,0.5306055667460896,0.0
LayerNorm(dim=768),mlx,metal,False,8,128,0.21477219997905195,0.21477219997905195,0.0
LayerNorm(dim=768),mlx,metal,True,8,128,0.20461386642030752,0.20461386642030752,0.0
"Linear(in=768, out=768)",torch,mps,False,8,128,0.45310973315887776,0.45310973315887776,0.0
"Linear(in=768, out=768)",mlx,metal,False,8,128,0.37782639992656186,0.37782639992656186,0.0
"Linear(in=768, out=768)",mlx,metal,True,8,128,0.4478152666706592,0.4478152666706592,0.0
"MHSA(dim=768, num_heads=1)",torch,mps,False,8,128,1.8058347331437592,1.8058347331437592,0.0
"MHSA(dim=768, num_heads=1)",mlx,metal,False,8,128,1.151434733280136,1.151434733280136,0.0
"MHSA(dim=768, num_heads=1)",mlx,metal,True,8,128,1.4375777667737566,1.4375777667737566,0.0
"MHSA(dim=768, num_heads=8)",torch,mps,False,8,128,1.7313986002894428,1.7313986002894428,0.0
"MHSA(dim=768, num_heads=8)",mlx,metal,False,8,128,1.1855763999240783,1.1855763999240783,0.0
"MHSA(dim=768, num_heads=8)",mlx,metal,True,8,128,1.4832777664802659,1.4832777664802659,0.0
"TransformerEncoderLayer(dim=768, num_heads=8, mask=None)",torch,mps,False,8,128,3.6541846997958296,3.6541846997958296,0.0
"TransformerEncoderLayer(dim=768, num_heads=8, mask=None)",mlx,metal,False,8,128,2.934759700049957,2.934759700049957,0.0
"TransformerEncoderLayer(dim=768, num_heads=8, mask=None)",mlx,metal,True,8,128,3.4262708334911927,3.4262708334911927,0.0
"TransformerEncoderLayer(dim=768, num_heads=8, mask=causal)",torch,mps,False,8,128,3.637933333326752,3.637933333326752,0.0
"TransformerEncoderLayer(dim=768, num_heads=8, mask=causal)",mlx,metal,False,8,128,2.9505388995554918,2.9505388995554918,0.0
"TransformerEncoderLayer(dim=768, num_heads=8, mask=causal)",mlx,metal,True,8,128,3.4493014002994946,3.4493014002994946,0.0
"TransformerDecoderLayer(dim=768, num_heads=8, mask=None)",torch,mps,False,8,128,4.872069433137464,4.872069433137464,0.0
"TransformerDecoderLayer(dim=768, num_heads=8, mask=None)",mlx,metal,False,8,128,4.052020833478309,4.052020833478309,0.0
"TransformerDecoderLayer(dim=768, num_heads=8, mask=None)",mlx,metal,True,8,128,4.5989569334778935,4.5989569334778935,0.0
"TransformerDecoderLayer(dim=768, num_heads=8, mask=causal)",torch,mps,False,8,128,5.953686133337517,5.953686133337517,0.0
"TransformerDecoderLayer(dim=768, num_heads=8, mask=causal)",mlx,metal,False,8,128,4.101618066973363,4.101618066973363,0.0
"TransformerDecoderLayer(dim=768, num_heads=8, mask=causal)",mlx,metal,True,8,128,4.609640266668673,4.609640266668673,0.0
LayerNorm(dim=768),torch,mps,False,8,64,0.3978666665110116,0.3978666665110116,0.0
LayerNorm(dim=768),mlx,metal,False,8,64,0.16268333371651048,0.16268333371651048,0.0
LayerNorm(dim=768),mlx,metal,True,8,64,0.16687083310292414,0.16687083310292414,0.0
"Linear(in=768, out=768)",torch,mps,False,8,64,0.2798625001256975,0.2798625001256975,0.0
"Linear(in=768, out=768)",mlx,metal,False,8,64,0.23471803336481875,0.23471803336481875,0.0
"Linear(in=768, out=768)",mlx,metal,True,8,64,0.3601791666975866,0.3601791666975866,0.0
"MHSA(dim=768, num_heads=1)",torch,mps,False,8,64,1.201327766951484,1.201327766951484,0.0
"MHSA(dim=768, num_heads=1)",mlx,metal,False,8,64,0.7277916665771045,0.7277916665771045,0.0
"MHSA(dim=768, num_heads=1)",mlx,metal,True,8,64,0.9640749999865269,0.9640749999865269,0.0
"MHSA(dim=768, num_heads=8)",torch,mps,False,8,64,1.0544875001263183,1.0544875001263183,0.0
"MHSA(dim=768, num_heads=8)",mlx,metal,False,8,64,0.7306583332441127,0.7306583332441127,0.0
"MHSA(dim=768, num_heads=8)",mlx,metal,True,8,64,0.9635097332648002,0.9635097332648002,0.0
"TransformerEncoderLayer(dim=768, num_heads=8, mask=None)",torch,mps,False,8,64,1.9878972336300649,1.9878972336300649,0.0
"TransformerEncoderLayer(dim=768, num_heads=8, mask=None)",mlx,metal,False,8,64,1.6404527666357656,1.6404527666357656,0.0
"TransformerEncoderLayer(dim=768, num_heads=8, mask=None)",mlx,metal,True,8,64,2.0653708333459995,2.0653708333459995,0.0
"TransformerEncoderLayer(dim=768, num_heads=8, mask=causal)",torch,mps,False,8,64,2.0887833336018957,2.0887833336018957,0.0
"TransformerEncoderLayer(dim=768, num_heads=8, mask=causal)",mlx,metal,False,8,64,1.646134700179876,1.646134700179876,0.0
"TransformerEncoderLayer(dim=768, num_heads=8, mask=causal)",mlx,metal,True,8,64,2.0643305329334303,2.0643305329334303,0.0
"TransformerDecoderLayer(dim=768, num_heads=8, mask=None)",torch,mps,False,8,64,3.6856388998179077,3.6856388998179077,0.0
"TransformerDecoderLayer(dim=768, num_heads=8, mask=None)",mlx,metal,False,8,64,2.3226347329909913,2.3226347329909913,0.0
"TransformerDecoderLayer(dim=768, num_heads=8, mask=None)",mlx,metal,True,8,64,2.695847233311118,2.695847233311118,0.0
"TransformerDecoderLayer(dim=768, num_heads=8, mask=causal)",torch,mps,False,8,64,3.5685513668189137,3.5685513668189137,0.0
"TransformerDecoderLayer(dim=768, num_heads=8, mask=causal)",mlx,metal,False,8,64,2.3743569331903323,2.3743569331903323,0.0
"TransformerDecoderLayer(dim=768, num_heads=8, mask=causal)",mlx,metal,True,8,64,2.6564333335651704,2.6564333335651704,0.0
LayerNorm(dim=768),torch,mps,False,1,512,0.25927223371885094,0.25927223371885094,0.0
LayerNorm(dim=768),mlx,metal,False,1,512,0.14656390024659535,0.14656390024659535,0.0
LayerNorm(dim=768),mlx,metal,True,1,512,0.15672083294096714,0.15672083294096714,0.0
"Linear(in=768, out=768)",torch,mps,False,1,512,0.321408333547879,0.321408333547879,0.0
"Linear(in=768, out=768)",mlx,metal,False,1,512,0.2787902665052873,0.2787902665052873,0.0
"Linear(in=768, out=768)",mlx,metal,True,1,512,0.3540513668364535,0.3540513668364535,0.0
"MHSA(dim=768, num_heads=1)",torch,mps,False,1,512,1.1906944336563658,1.1906944336563658,0.0
"MHSA(dim=768, num_heads=1)",mlx,metal,False,1,512,0.8525041669296721,0.8525041669296721,0.0
"MHSA(dim=768, num_heads=1)",mlx,metal,True,1,512,1.074265300121624,1.074265300121624,0.0
"MHSA(dim=768, num_heads=8)",torch,mps,False,1,512,1.2372291666300346,1.2372291666300346,0.0
"MHSA(dim=768, num_heads=8)",mlx,metal,False,1,512,0.8935500004251177,0.8935500004251177,0.0
"MHSA(dim=768, num_heads=8)",mlx,metal,True,1,512,1.1320791663213943,1.1320791663213943,0.0
"TransformerEncoderLayer(dim=768, num_heads=8, mask=None)",torch,mps,False,1,512,2.196819433690204,2.196819433690204,0.0
"TransformerEncoderLayer(dim=768, num_heads=8, mask=None)",mlx,metal,False,1,512,1.8243749999480012,1.8243749999480012,0.0
"TransformerEncoderLayer(dim=768, num_heads=8, mask=None)",mlx,metal,True,1,512,2.2980680669813105,2.2980680669813105,0.0
"TransformerEncoderLayer(dim=768, num_heads=8, mask=causal)",torch,mps,False,1,512,2.463248600057947,2.463248600057947,0.0
"TransformerEncoderLayer(dim=768, num_heads=8, mask=causal)",mlx,metal,False,1,512,1.8947194665088318,1.8947194665088318,0.0
"TransformerEncoderLayer(dim=768, num_heads=8, mask=causal)",mlx,metal,True,1,512,2.307043066927387,2.307043066927387,0.0
"TransformerDecoderLayer(dim=768, num_heads=8, mask=None)",torch,mps,False,1,512,4.1356916665487615,4.1356916665487615,0.0
"TransformerDecoderLayer(dim=768, num_heads=8, mask=None)",mlx,metal,False,1,512,2.6797791666467674,2.6797791666467674,0.0
"TransformerDecoderLayer(dim=768, num_heads=8, mask=None)",mlx,metal,True,1,512,3.2502958337621144,3.2502958337621144,0.0
"TransformerDecoderLayer(dim=768, num_heads=8, mask=causal)",torch,mps,False,1,512,3.8765041666920297,3.8765041666920297,0.0
"TransformerDecoderLayer(dim=768, num_heads=8, mask=causal)",mlx,metal,False,1,512,2.724312500019247,2.724312500019247,0.0
"TransformerDecoderLayer(dim=768, num_heads=8, mask=causal)",mlx,metal,True,1,512,3.1262763999014473,3.1262763999014473,0.0
LayerNorm(dim=768),torch,mps,False,1,256,0.2756208331751016,0.2756208331751016,0.0
LayerNorm(dim=768),mlx,metal,False,1,256,0.1541916664185313,0.1541916664185313,0.0
LayerNorm(dim=768),mlx,metal,True,1,256,0.158047233223139,0.158047233223139,0.0
"Linear(in=768, out=768)",torch,mps,False,1,256,0.2706375002162531,0.2706375002162531,0.0
"Linear(in=768, out=768)",mlx,metal,False,1,256,0.22895973330984512,0.22895973330984512,0.0
"Linear(in=768, out=768)",mlx,metal,True,1,256,0.313472233635063,0.313472233635063,0.0
"MHSA(dim=768, num_heads=1)",torch,mps,False,1,256,0.8373250001265357,0.8373250001265357,0.0
"MHSA(dim=768, num_heads=1)",mlx,metal,False,1,256,0.5448847334870758,0.5448847334870758,0.0
"MHSA(dim=768, num_heads=1)",mlx,metal,True,1,256,0.8446041664380269,0.8446041664380269,0.0
"MHSA(dim=768, num_heads=8)",torch,mps,False,1,256,0.9654597330760831,0.9654597330760831,0.0
"MHSA(dim=768, num_heads=8)",mlx,metal,False,1,256,0.5419416668397995,0.5419416668397995,0.0
"MHSA(dim=768, num_heads=8)",mlx,metal,True,1,256,0.799524999941544,0.799524999941544,0.0
"TransformerEncoderLayer(dim=768, num_heads=8, mask=None)",torch,mps,False,1,256,1.404858333504914,1.404858333504914,0.0
"TransformerEncoderLayer(dim=768, num_heads=8, mask=None)",mlx,metal,False,1,256,1.0787597333546728,1.0787597333546728,0.0
"TransformerEncoderLayer(dim=768, num_heads=8, mask=None)",mlx,metal,True,1,256,1.491226399957668,1.491226399957668,0.0
"TransformerEncoderLayer(dim=768, num_heads=8, mask=causal)",torch,mps,False,1,256,1.4504764001079213,1.4504764001079213,0.0
"TransformerEncoderLayer(dim=768, num_heads=8, mask=causal)",mlx,metal,False,1,256,1.1263263998747182,1.1263263998747182,0.0
"TransformerEncoderLayer(dim=768, num_heads=8, mask=causal)",mlx,metal,True,1,256,1.4821930332497384,1.4821930332497384,0.0
"TransformerDecoderLayer(dim=768, num_heads=8, mask=None)",torch,mps,False,1,256,2.0576777669096677,2.0576777669096677,0.0
"TransformerDecoderLayer(dim=768, num_heads=8, mask=None)",mlx,metal,False,1,256,1.6732333334706102,1.6732333334706102,0.0
"TransformerDecoderLayer(dim=768, num_heads=8, mask=None)",mlx,metal,True,1,256,1.9152986336848699,1.9152986336848699,0.0
"TransformerDecoderLayer(dim=768, num_heads=8, mask=causal)",torch,mps,False,1,256,1.9444111336876329,1.9444111336876329,0.0
"TransformerDecoderLayer(dim=768, num_heads=8, mask=causal)",mlx,metal,False,1,256,1.6121458330114062,1.6121458330114062,0.0
"TransformerDecoderLayer(dim=768, num_heads=8, mask=causal)",mlx,metal,True,1,256,1.9631263664147507,1.9631263664147507,0.0
LayerNorm(dim=768),torch,mps,False,1,128,0.27888333327913034,0.27888333327913034,0.0
LayerNorm(dim=768),mlx,metal,False,1,128,0.12228889972902834,0.12228889972902834,0.0
LayerNorm(dim=768),mlx,metal,True,1,128,0.1364389002750007,0.1364389002750007,0.0
"Linear(in=768, out=768)",torch,mps,False,1,128,0.21578056669871634,0.21578056669871634,0.0
"Linear(in=768, out=768)",mlx,metal,False,1,128,0.19252363369256878,0.19252363369256878,0.0
"Linear(in=768, out=768)",mlx,metal,True,1,128,0.2836583332585481,0.2836583332585481,0.0
"MHSA(dim=768, num_heads=1)",torch,mps,False,1,128,0.6013319332851097,0.6013319332851097,0.0
"MHSA(dim=768, num_heads=1)",mlx,metal,False,1,128,0.44887359981657937,0.44887359981657937,0.0
"MHSA(dim=768, num_heads=1)",mlx,metal,True,1,128,0.6860763998702168,0.6860763998702168,0.0
"MHSA(dim=768, num_heads=8)",torch,mps,False,1,128,0.5680500000986891,0.5680500000986891,0.0
"MHSA(dim=768, num_heads=8)",mlx,metal,False,1,128,0.39806666657871875,0.39806666657871875,0.0
"MHSA(dim=768, num_heads=8)",mlx,metal,True,1,128,0.5888666666578501,0.5888666666578501,0.0
"TransformerEncoderLayer(dim=768, num_heads=8, mask=None)",torch,mps,False,1,128,0.8657430667274942,0.8657430667274942,0.0
"TransformerEncoderLayer(dim=768, num_heads=8, mask=None)",mlx,metal,False,1,128,0.9277333335679335,0.9277333335679335,0.0
"TransformerEncoderLayer(dim=768, num_heads=8, mask=None)",mlx,metal,True,1,128,1.1201486001179244,1.1201486001179244,0.0
"TransformerEncoderLayer(dim=768, num_heads=8, mask=causal)",torch,mps,False,1,128,0.8363485995990535,0.8363485995990535,0.0
"TransformerEncoderLayer(dim=768, num_heads=8, mask=causal)",mlx,metal,False,1,128,0.850433333350035,0.850433333350035,0.0
"TransformerEncoderLayer(dim=768, num_heads=8, mask=causal)",mlx,metal,True,1,128,1.1945096999018763,1.1945096999018763,0.0
"TransformerDecoderLayer(dim=768, num_heads=8, mask=None)",torch,mps,False,1,128,1.3453500000953984,1.3453500000953984,0.0
"TransformerDecoderLayer(dim=768, num_heads=8, mask=None)",mlx,metal,False,1,128,1.4420999999856576,1.4420999999856576,0.0
"TransformerDecoderLayer(dim=768, num_heads=8, mask=None)",mlx,metal,True,1,128,1.546566666608366,1.546566666608366,0.0
"TransformerDecoderLayer(dim=768, num_heads=8, mask=causal)",torch,mps,False,1,128,1.4123708334712621,1.4123708334712621,0.0
"TransformerDecoderLayer(dim=768, num_heads=8, mask=causal)",mlx,metal,False,1,128,1.2583944330496404,1.2583944330496404,0.0
"TransformerDecoderLayer(dim=768, num_heads=8, mask=causal)",mlx,metal,True,1,128,1.5453360999041859,1.5453360999041859,0.0
LayerNorm(dim=768),torch,mps,False,1,64,0.24210276654533422,0.24210276654533422,0.0
LayerNorm(dim=768),mlx,metal,False,1,64,0.11513749971830596,0.11513749971830596,0.0
LayerNorm(dim=768),mlx,metal,True,1,64,0.12414583325153217,0.12414583325153217,0.0
"Linear(in=768, out=768)",torch,mps,False,1,64,0.18519443304588398,0.18519443304588398,0.0
"Linear(in=768, out=768)",mlx,metal,False,1,64,0.1672833333335196,0.1672833333335196,0.0
"Linear(in=768, out=768)",mlx,metal,True,1,64,0.21447499990851307,0.21447499990851307,0.0
"MHSA(dim=768, num_heads=1)",torch,mps,False,1,64,0.4433930667194848,0.4433930667194848,0.0
"MHSA(dim=768, num_heads=1)",mlx,metal,False,1,64,0.2881861335481517,0.2881861335481517,0.0
"MHSA(dim=768, num_heads=1)",mlx,metal,True,1,64,0.5171333332934106,0.5171333332934106,0.0
"MHSA(dim=768, num_heads=8)",torch,mps,False,1,64,0.4623499999676521,0.4623499999676521,0.0
"MHSA(dim=768, num_heads=8)",mlx,metal,False,1,64,0.295433333182397,0.295433333182397,0.0
"MHSA(dim=768, num_heads=8)",mlx,metal,True,1,64,0.5258652662935978,0.5258652662935978,0.0
"TransformerEncoderLayer(dim=768, num_heads=8, mask=None)",torch,mps,False,1,64,0.7792347333937263,0.7792347333937263,0.0
"TransformerEncoderLayer(dim=768, num_heads=8, mask=None)",mlx,metal,False,1,64,0.7117291669904565,0.7117291669904565,0.0
"TransformerEncoderLayer(dim=768, num_heads=8, mask=None)",mlx,metal,True,1,64,1.0336610997910611,1.0336610997910611,0.0
"TransformerEncoderLayer(dim=768, num_heads=8, mask=causal)",torch,mps,False,1,64,0.8073875001476457,0.8073875001476457,0.0
"TransformerEncoderLayer(dim=768, num_heads=8, mask=causal)",mlx,metal,False,1,64,0.7459249997433895,0.7459249997433895,0.0
"TransformerEncoderLayer(dim=768, num_heads=8, mask=causal)",mlx,metal,True,1,64,1.0713763995833385,1.0713763995833385,0.0
"TransformerDecoderLayer(dim=768, num_heads=8, mask=None)",torch,mps,False,1,64,1.0716486334179838,1.0716486334179838,0.0
"TransformerDecoderLayer(dim=768, num_heads=8, mask=None)",mlx,metal,False,1,64,1.0970180665026419,1.0970180665026419,0.0
"TransformerDecoderLayer(dim=768, num_heads=8, mask=None)",mlx,metal,True,1,64,1.3315027666976675,1.3315027666976675,0.0
"TransformerDecoderLayer(dim=768, num_heads=8, mask=causal)",torch,mps,False,1,64,1.1686610998973872,1.1686610998973872,0.0
"TransformerDecoderLayer(dim=768, num_heads=8, mask=causal)",mlx,metal,False,1,64,1.0941847334227834,1.0941847334227834,0.0
"TransformerDecoderLayer(dim=768, num_heads=8, mask=causal)",mlx,metal,True,1,64,1.3579180333181284,1.3579180333181284,0.0
